0	73257	0.004519	0.073025	0.272884	0.083999	0.840542	1.295600	0.988782	0.148637	1.074320	0.081366	5.493500	1.346855	0.172685	0.814374	0.508551	0.008854	0.112842	0.971962	35.500542	19.722523	0.216447
1	73257	0.004519	0.073025	0.272884	0.083999	0.840542	1.295600	0.988782	0.148637	1.074320	0.081366	5.493500	1.346855	0.172685	0.814374	0.508551	0.008854	0.112842	0.971962	35.500542	19.722523	0.216447
2	73257	0.004519	0.073025	0.272884	0.083999	0.840542	1.295600	0.988782	0.148637	1.074320	0.081366	5.493500	1.346855	0.172685	0.814374	0.508551	0.008854	0.112842	0.971962	35.500542	19.722523	0.216447
3	73257	0.004519	0.073025	0.272884	0.083999	0.840542	1.295600	0.988782	0.148637	1.074320	0.081366	5.493500	1.346855	0.172685	0.814374	0.508551	0.008854	0.112842	0.971962	35.500542	19.722523	0.216447
4	73257	0.004519	0.073025	0.272884	0.083999	0.840542	1.295600	0.988782	0.148637	1.074320	0.081366	5.493500	1.346855	0.172685	0.814374	0.508551	0.008854	0.112842	0.971962	35.500542	19.722523	0.216447
5	73257	0.004519	0.073025	0.272884	0.083999	0.840542	1.295600	0.988782	0.148637	1.074320	0.081366	5.493500	1.346855	0.172685	0.814374	0.508551	0.008854	0.112842	0.971962	35.500542	19.722523	0.216447
6	73257	0.004519	0.073025	0.272884	0.083999	0.840542	1.295600	0.988782	0.148637	1.074320	0.081366	5.493500	1.346855	0.172685	0.814374	0.508551	0.008854	0.112842	0.971962	35.500542	19.722523	0.216447
7	73257	0.004519	0.073025	0.272884	0.083999	0.840542	1.295600	0.988782	0.148637	1.074320	0.081366	5.493500	1.346855	0.172685	0.814374	0.508551	0.008854	0.112842	0.971962	35.500542	19.722523	0.216447
8	73257	0.004519	0.073025	0.272884	0.083999	0.840542	1.295600	0.988782	0.148637	1.074320	0.081366	5.493500	1.346855	0.172685	0.814374	0.508551	0.008854	0.112842	0.971962	35.500542	19.722523	0.216447
9	73257	0.004519	0.073025	0.272884	0.083999	0.840542	1.295600	0.988782	0.148637	1.074320	0.081366	5.493500	1.346855	0.172685	0.814374	0.508551	0.008854	0.112842	0.971962	35.500542	19.722523	0.216447
10	73257	0.004519	0.073025	0.272884	0.083999	0.840542	1.295600	0.988782	0.148637	1.074320	0.081366	5.493500	1.346855	0.172685	0.814374	0.508551	0.008854	0.112842	0.971962	35.500542	19.722523	0.216447
11	73257	0.004519	0.073025	0.272884	0.083999	0.840542	1.295600	0.988782	0.148637	1.074320	0.081366	5.493500	1.346855	0.172685	0.814374	0.508551	0.008854	0.112842	0.971962	35.500542	19.722523	0.216447
12	73257	0.004519	0.073025	0.272884	0.083999	0.840542	1.295600	0.988782	0.148637	1.074320	0.081366	5.493500	1.346855	0.172685	0.814374	0.508551	0.008854	0.112842	0.971962	35.500542	19.722523	0.216447
13	73257	0.004519	0.073025	0.272884	0.083999	0.840542	1.295600	0.988782	0.148637	1.074320	0.081366	5.493500	1.346855	0.172685	0.814374	0.508551	0.008854	0.112842	0.971962	35.500542	19.722523	0.216447
14	73257	0.004519	0.073025	0.272884	0.083999	0.840542	1.295600	0.988782	0.148637	1.074320	0.081366	5.493500	1.346855	0.172685	0.814374	0.508551	0.008854	0.112842	0.971962	35.500542	19.722523	0.216447
15	73257	0.004519	0.073025	0.272884	0.083999	0.840542	1.295600	0.988782	0.148637	1.074320	0.081366	5.493500	1.346855	0.172685	0.814374	0.508551	0.008854	0.112842	0.971962	35.500542	19.722523	0.216447
16	73257	0.004519	0.073025	0.272884	0.083999	0.840542	1.295600	0.988782	0.148637	1.074320	0.081366	5.493500	1.346855	0.172685	0.814374	0.508551	0.008854	0.112842	0.971962	35.500542	19.722523	0.216447
17	73257	0.004519	0.073025	0.272884	0.083999	0.840542	1.295600	0.988782	0.148637	1.074320	0.081366	5.493500	1.346855	0.172685	0.814374	0.508551	0.008854	0.112842	0.971962	35.500542	19.722523	0.216447
18	73257	0.004519	0.073025	0.272884	0.083999	0.840542	1.295600	0.988782	0.148637	1.074320	0.081366	5.493500	1.346855	0.172685	0.814374	0.508551	0.008854	0.112842	0.971962	35.500542	19.722523	0.216447
19	73257	0.004519	0.073025	0.272884	0.083999	0.840542	1.295600	0.988782	0.148637	1.074320	0.081366	5.493500	1.346855	0.172685	0.814374	0.508551	0.008854	0.112842	0.971962	35.500542	19.722523	0.216447
20	73257	0.004519	0.073025	0.272884	0.083999	0.840542	1.295600	0.988782	0.148637	1.074320	0.081366	5.493500	1.346855	0.172685	0.814374	0.508551	0.008854	0.112842	0.971962	35.500542	19.722523	0.216447
21	73257	0.004519	0.073025	0.272884	0.083999	0.840542	1.295600	0.988782	0.148637	1.074320	0.081366	5.493500	1.346855	0.172685	0.814374	0.508551	0.008854	0.112842	0.971962	35.500542	19.722523	0.216447
22	73257	0.004519	0.073025	0.272884	0.083999	0.840542	1.295600	0.988782	0.148637	1.074320	0.081366	5.493500	1.346855	0.172685	0.814374	0.508551	0.008854	0.112842	0.971962	35.500542	19.722523	0.216447
23	73257	0.004519	0.073025	0.272884	0.083999	0.840542	1.295600	0.988782	0.148637	1.074320	0.081366	5.493500	1.346855	0.172685	0.814374	0.508551	0.008854	0.112842	0.971962	35.500542	19.722523	0.216447
24	73257	0.004519	0.073025	0.272884	0.083999	0.840542	1.295600	0.988782	0.148637	1.074320	0.081366	5.493500	1.346855	0.172685	0.814374	0.508551	0.008854	0.112842	0.971962	35.500542	19.722523	0.216447
25	73257	0.004519	0.073025	0.272884	0.083999	0.840542	1.295600	0.988782	0.148637	1.074320	0.081366	5.493500	1.346855	0.172685	0.814374	0.508551	0.008854	0.112842	0.971962	35.500542	19.722523	0.216447
26	73257	0.004519	0.073025	0.272884	0.083999	0.840542	1.295600	0.988782	0.148637	1.074320	0.081366	5.493500	1.346855	0.172685	0.814374	0.508551	0.008854	0.112842	0.971962	35.500542	19.722523	0.216447
27	73257	0.004519	0.073025	0.272884	0.083999	0.840542	1.295600	0.988782	0.148637	1.074320	0.081366	5.493500	1.346855	0.172685	0.814374	0.508551	0.008854	0.112842	0.971962	35.500542	19.722523	0.216447
28	73257	0.004519	0.073025	0.272884	0.083999	0.840542	1.295600	0.988782	0.148637	1.074320	0.081366	5.493500	1.346855	0.172685	0.814374	0.508551	0.008854	0.112842	0.971962	35.500542	19.722523	0.216447
29	73257	0.004519	0.073025	0.272884	0.083999	0.840542	1.295600	0.988782	0.148637	1.074320	0.081366	5.493500	1.346855	0.172685	0.814374	0.508551	0.008854	0.112842	0.971962	35.500542	19.722523	0.216447
30	73257	0.004519	0.073025	0.272884	0.083999	0.840542	1.295600	0.988782	0.148637	1.074320	0.081366	5.493500	1.346855	0.172685	0.814374	0.508551	0.008854	0.112842	0.971962	35.500542	19.722523	0.216447
31	73257	0.004519	0.073025	0.272884	0.083999	0.840542	1.295600	0.988782	0.148637	1.074320	0.081366	5.493500	1.346855	0.172685	0.814374	0.508551	0.008854	0.112842	0.971962	35.500542	19.722523	0.216447
32	73257	0.004519	0.073025	0.272884	0.083999	0.840542	1.295600	0.988782	0.148637	1.074320	0.081366	5.493500	1.346855	0.172685	0.814374	0.508551	0.008854	0.112842	0.971962	35.500542	19.722523	0.216447
33	73257	0.004519	0.073025	0.272884	0.083999	0.840542	1.295600	0.988782	0.148637	1.074320	0.081366	5.493500	1.346855	0.172685	0.814374	0.508551	0.008854	0.112842	0.971962	35.500542	19.722523	0.216447
34	73257	0.004519	0.073025	0.272884	0.083999	0.840542	1.295600	0.988782	0.148637	1.074320	0.081366	5.493500	1.346855	0.172685	0.814374	0.508551	0.008854	0.112842	0.971962	35.500542	19.722523	0.216447
35	73257	0.004519	0.073025	0.272884	0.083999	0.840542	1.295600	0.988782	0.148637	1.074320	0.081366	5.493500	1.346855	0.172685	0.814374	0.508551	0.008854	0.112842	0.971962	35.500542	19.722523	0.216447
36	73257	0.004519	0.073025	0.272884	0.083999	0.840542	1.295600	0.988782	0.148637	1.074320	0.081366	5.493500	1.346855	0.172685	0.814374	0.508551	0.008854	0.112842	0.971962	35.500542	19.722523	0.216447
37	73257	0.004519	0.073025	0.272884	0.083999	0.840542	1.295600	0.988782	0.148637	1.074320	0.081366	5.493500	1.346855	0.172685	0.814374	0.508551	0.008854	0.112842	0.971962	35.500542	19.722523	0.216447
38	73257	0.004519	0.073025	0.272884	0.083999	0.840542	1.295600	0.988782	0.148637	1.074320	0.081366	5.493500	1.346855	0.172685	0.814374	0.508551	0.008854	0.112842	0.971962	35.500542	19.722523	0.216447
39	73257	0.004519	0.073025	0.272884	0.083999	0.840542	1.295600	0.988782	0.148637	1.074320	0.081366	5.493500	1.346855	0.172685	0.814374	0.508551	0.008854	0.112842	0.971962	35.500542	19.722523	0.216447
40	73257	0.004519	0.073025	0.272884	0.083999	0.840542	1.295600	0.988782	0.148637	1.074320	0.081366	5.493500	1.346855	0.172685	0.814374	0.508551	0.008854	0.112842	0.971962	35.500542	19.722523	0.216447
41	73257	0.004519	0.073025	0.272884	0.083999	0.840542	1.295600	0.988782	0.148637	1.074320	0.081366	5.493500	1.346855	0.172685	0.814374	0.508551	0.008854	0.112842	0.971962	35.500542	19.722523	0.216447
42	73257	0.004519	0.073025	0.272884	0.083999	0.840542	1.295600	0.988782	0.148637	1.074320	0.081366	5.493500	1.346855	0.172685	0.814374	0.508551	0.008854	0.112842	0.971962	35.500542	19.722523	0.216447
43	73257	0.004519	0.073025	0.272884	0.083999	0.840542	1.295600	0.988782	0.148637	1.074320	0.081366	5.493500	1.346855	0.172685	0.814374	0.508551	0.008854	0.112842	0.971962	35.500542	19.722523	0.216447
44	73257	0.004519	0.073025	0.272884	0.083999	0.840542	1.295600	0.988782	0.148637	1.074320	0.081366	5.493500	1.346855	0.172685	0.814374	0.508551	0.008854	0.112842	0.971962	35.500542	19.722523	0.216447
45	73257	0.004519	0.073025	0.272884	0.083999	0.840542	1.295600	0.988782	0.148637	1.074320	0.081366	5.493500	1.346855	0.172685	0.814374	0.508551	0.008854	0.112842	0.971962	35.500542	19.722523	0.216447
46	73257	0.004519	0.073025	0.272884	0.083999	0.840542	1.295600	0.988782	0.148637	1.074320	0.081366	5.493500	1.346855	0.172685	0.814374	0.508551	0.008854	0.112842	0.971962	35.500542	19.722523	0.216447
47	73257	0.004519	0.073025	0.272884	0.083999	0.840542	1.295600	0.988782	0.148637	1.074320	0.081366	5.493500	1.346855	0.172685	0.814374	0.508551	0.008854	0.112842	0.971962	35.500542	19.722523	0.216447
48	73257	0.004519	0.073025	0.272884	0.083999	0.840542	1.295600	0.988782	0.148637	1.074320	0.081366	5.493500	1.346855	0.172685	0.814374	0.508551	0.008854	0.112842	0.971962	35.500542	19.722523	0.216447
49	73257	0.004519	0.073025	0.272884	0.083999	0.840542	1.295600	0.988782	0.148637	1.074320	0.081366	5.493500	1.346855	0.172685	0.814374	0.508551	0.008854	0.112842	0.971962	35.500542	19.722523	0.216447
50	73257	0.004519	0.073025	0.272884	0.083999	0.840542	1.295600	0.988782	0.148637	1.074320	0.081366	5.493500	1.346855	0.172685	0.814374	0.508551	0.008854	0.112842	0.971962	35.500542	19.722523	0.216447
51	73257	0.004519	0.073025	0.272884	0.083999	0.840542	1.295600	0.988782	0.148637	1.074320	0.081366	5.493500	1.346855	0.172685	0.814374	0.508551	0.008854	0.112842	0.971962	35.500542	19.722523	0.216447
52	73257	0.004519	0.073025	0.272884	0.083999	0.840542	1.295600	0.988782	0.148637	1.074320	0.081366	5.493500	1.346855	0.172685	0.814374	0.508551	0.008854	0.112842	0.971962	35.500542	19.722523	0.216447
53	73257	0.004519	0.073025	0.272884	0.083999	0.840542	1.295600	0.988782	0.148637	1.074320	0.081366	5.493500	1.346855	0.172685	0.814374	0.508551	0.008854	0.112842	0.971962	35.500542	19.722523	0.216447
54	73257	0.004519	0.073025	0.272884	0.083999	0.840542	1.295600	0.988782	0.148637	1.074320	0.081366	5.493500	1.346855	0.172685	0.814374	0.508551	0.008854	0.112842	0.971962	35.500542	19.722523	0.216447
55	73257	0.004519	0.073025	0.272884	0.083999	0.840542	1.295600	0.988782	0.148637	1.074320	0.081366	5.493500	1.346855	0.172685	0.814374	0.508551	0.008854	0.112842	0.971962	35.500542	19.722523	0.216447
56	73257	0.004519	0.073025	0.272884	0.083999	0.840542	1.295600	0.988782	0.148637	1.074320	0.081366	5.493500	1.346855	0.172685	0.814374	0.508551	0.008854	0.112842	0.971962	35.500542	19.722523	0.216447
57	73257	0.004519	0.073025	0.272884	0.083999	0.840542	1.295600	0.988782	0.148637	1.074320	0.081366	5.493500	1.346855	0.172685	0.814374	0.508551	0.008854	0.112842	0.971962	35.500542	19.722523	0.216447
58	73257	0.004519	0.073025	0.272884	0.083999	0.840542	1.295600	0.988782	0.148637	1.074320	0.081366	5.493500	1.346855	0.172685	0.814374	0.508551	0.008854	0.112842	0.971962	35.500542	19.722523	0.216447
59	73257	0.004519	0.073025	0.272884	0.083999	0.840542	1.295600	0.988782	0.148637	1.074320	0.081366	5.493500	1.346855	0.172685	0.814374	0.508551	0.008854	0.112842	0.971962	35.500542	19.722523	0.216447
60	73257	0.004519	0.073025	0.272884	0.083999	0.840542	1.295600	0.988782	0.148637	1.074320	0.081366	5.493500	1.346855	0.172685	0.814374	0.508551	0.008854	0.112842	0.971962	35.500542	19.722523	0.216447
61	73257	0.004519	0.073025	0.272884	0.083999	0.840542	1.295600	0.988782	0.148637	1.074320	0.081366	5.493500	1.346855	0.172685	0.814374	0.508551	0.008854	0.112842	0.971962	35.500542	19.722523	0.216447
62	73257	0.004519	0.073025	0.272884	0.083999	0.840542	1.295600	0.988782	0.148637	1.074320	0.081366	5.493500	1.346855	0.172685	0.814374	0.508551	0.008854	0.112842	0.971962	35.500542	19.722523	0.216447
63	73257	0.004519	0.073025	0.272884	0.083999	0.840542	1.295600	0.988782	0.148637	1.074320	0.081366	5.493500	1.346855	0.172685	0.814374	0.508551	0.008854	0.112842	0.971962	35.500542	19.722523	0.216447
64	73257	0.004519	0.073025	0.272884	0.083999	0.840542	1.295600	0.988782	0.148637	1.074320	0.081366	5.493500	1.346855	0.172685	0.814374	0.508551	0.008854	0.112842	0.971962	35.500542	19.722523	0.216447
65	73257	0.004519	0.073025	0.272884	0.083999	0.840542	1.295600	0.988782	0.148637	1.074320	0.081366	5.493500	1.346855	0.172685	0.814374	0.508551	0.008854	0.112842	0.971962	35.500542	19.722523	0.216447
66	73257	0.004519	0.073025	0.272884	0.083999	0.840542	1.295600	0.988782	0.148637	1.074320	0.081366	5.493500	1.346855	0.172685	0.814374	0.508551	0.008854	0.112842	0.971962	35.500542	19.722523	0.216447
67	73257	0.004519	0.073025	0.272884	0.083999	0.840542	1.295600	0.988782	0.148637	1.074320	0.081366	5.493500	1.346855	0.172685	0.814374	0.508551	0.008854	0.112842	0.971962	35.500542	19.722523	0.216447
68	73257	0.004519	0.073025	0.272884	0.083999	0.840542	1.295600	0.988782	0.148637	1.074320	0.081366	5.493500	1.346855	0.172685	0.814374	0.508551	0.008854	0.112842	0.971962	35.500542	19.722523	0.216447
69	73257	0.004519	0.073025	0.272884	0.083999	0.840542	1.295600	0.988782	0.148637	1.074320	0.081366	5.493500	1.346855	0.172685	0.814374	0.508551	0.008854	0.112842	0.971962	35.500542	19.722523	0.216447
70	73257	0.004519	0.073025	0.272884	0.083999	0.840542	1.295600	0.988782	0.148637	1.074320	0.081366	5.493500	1.346855	0.172685	0.814374	0.508551	0.008854	0.112842	0.971962	35.500542	19.722523	0.216447
71	73257	0.004519	0.073025	0.272884	0.083999	0.840542	1.295600	0.988782	0.148637	1.074320	0.081366	5.493500	1.346855	0.172685	0.814374	0.508551	0.008854	0.112842	0.971962	35.500542	19.722523	0.216447
72	73257	0.004519	0.073025	0.272884	0.083999	0.840542	1.295600	0.988782	0.148637	1.074320	0.081366	5.493500	1.346855	0.172685	0.814374	0.508551	0.008854	0.112842	0.971962	35.500542	19.722523	0.216447
73	73257	0.004519	0.073025	0.272884	0.083999	0.840542	1.295600	0.988782	0.148637	1.074320	0.081366	5.493500	1.346855	0.172685	0.814374	0.508551	0.008854	0.112842	0.971962	35.500542	19.722523	0.216447
74	73257	0.004519	0.073025	0.272884	0.083999	0.840542	1.295600	0.988782	0.148637	1.074320	0.081366	5.493500	1.346855	0.172685	0.814374	0.508551	0.008854	0.112842	0.971962	35.500542	19.722523	0.216447
75	73257	0.004519	0.073025	0.272884	0.083999	0.840542	1.295600	0.988782	0.148637	1.074320	0.081366	5.493500	1.346855	0.172685	0.814374	0.508551	0.008854	0.112842	0.971962	35.500542	19.722523	0.216447
76	73257	0.004519	0.073025	0.272884	0.083999	0.840542	1.295600	0.988782	0.148637	1.074320	0.081366	5.493500	1.346855	0.172685	0.814374	0.508551	0.008854	0.112842	0.971962	35.500542	19.722523	0.216447
77	73257	0.004519	0.073025	0.272884	0.083999	0.840542	1.295600	0.988782	0.148637	1.074320	0.081366	5.493500	1.346855	0.172685	0.814374	0.508551	0.008854	0.112842	0.971962	35.500542	19.722523	0.216447
78	73257	0.004519	0.073025	0.272884	0.083999	0.840542	1.295600	0.988782	0.148637	1.074320	0.081366	5.493500	1.346855	0.172685	0.814374	0.508551	0.008854	0.112842	0.971962	35.500542	19.722523	0.216447
79	73257	0.004519	0.073025	0.272884	0.083999	0.840542	1.295600	0.988782	0.148637	1.074320	0.081366	5.493500	1.346855	0.172685	0.814374	0.508551	0.008854	0.112842	0.971962	35.500542	19.722523	0.216447
80	73257	0.004519	0.073025	0.272884	0.083999	0.840542	1.295600	0.988782	0.148637	1.074320	0.081366	5.493500	1.346855	0.172685	0.814374	0.508551	0.008854	0.112842	0.971962	35.500542	19.722523	0.216447
81	73257	0.004519	0.073025	0.272884	0.083999	0.840542	1.295600	0.988782	0.148637	1.074320	0.081366	5.493500	1.346855	0.172685	0.814374	0.508551	0.008854	0.112842	0.971962	35.500542	19.722523	0.216447
82	73257	0.004519	0.073025	0.272884	0.083999	0.840542	1.295600	0.988782	0.148637	1.074320	0.081366	5.493500	1.346855	0.172685	0.814374	0.508551	0.008854	0.112842	0.971962	35.500542	19.722523	0.216447
83	73257	0.004519	0.073025	0.272884	0.083999	0.840542	1.295600	0.988782	0.148637	1.074320	0.081366	5.493500	1.346855	0.172685	0.814374	0.508551	0.008854	0.112842	0.971962	35.500542	19.722523	0.216447
84	73257	0.004519	0.073025	0.272884	0.083999	0.840542	1.295600	0.988782	0.148637	1.074320	0.081366	5.493500	1.346855	0.172685	0.814374	0.508551	0.008854	0.112842	0.971962	35.500542	19.722523	0.216447
85	73257	0.004519	0.073025	0.272884	0.083999	0.840542	1.295600	0.988782	0.148637	1.074320	0.081366	5.493500	1.346855	0.172685	0.814374	0.508551	0.008854	0.112842	0.971962	35.500542	19.722523	0.216447
86	73257	0.004519	0.073025	0.272884	0.083999	0.840542	1.295600	0.988782	0.148637	1.074320	0.081366	5.493500	1.346855	0.172685	0.814374	0.508551	0.008854	0.112842	0.971962	35.500542	19.722523	0.216447
87	73257	0.004519	0.073025	0.272884	0.083999	0.840542	1.295600	0.988782	0.148637	1.074320	0.081366	5.493500	1.346855	0.172685	0.814374	0.508551	0.008854	0.112842	0.971962	35.500542	19.722523	0.216447
88	73257	0.004519	0.073025	0.272884	0.083999	0.840542	1.295600	0.988782	0.148637	1.074320	0.081366	5.493500	1.346855	0.172685	0.814374	0.508551	0.008854	0.112842	0.971962	35.500542	19.722523	0.216447
89	73257	0.004519	0.073025	0.272884	0.083999	0.840542	1.295600	0.988782	0.148637	1.074320	0.081366	5.493500	1.346855	0.172685	0.814374	0.508551	0.008854	0.112842	0.971962	35.500542	19.722523	0.216447
90	73257	0.004519	0.073025	0.272884	0.083999	0.840542	1.295600	0.988782	0.148637	1.074320	0.081366	5.493500	1.346855	0.172685	0.814374	0.508551	0.008854	0.112842	0.971962	35.500542	19.722523	0.216447
91	73257	0.004519	0.073025	0.272884	0.083999	0.840542	1.295600	0.988782	0.148637	1.074320	0.081366	5.493500	1.346855	0.172685	0.814374	0.508551	0.008854	0.112842	0.971962	35.500542	19.722523	0.216447
92	73257	0.004519	0.073025	0.272884	0.083999	0.840542	1.295600	0.988782	0.148637	1.074320	0.081366	5.493500	1.346855	0.172685	0.814374	0.508551	0.008854	0.112842	0.971962	35.500542	19.722523	0.216447
93	73257	0.004519	0.073025	0.272884	0.083999	0.840542	1.295600	0.988782	0.148637	1.074320	0.081366	5.493500	1.346855	0.172685	0.814374	0.508551	0.008854	0.112842	0.971962	35.500542	19.722523	0.216447
94	73257	0.004519	0.073025	0.272884	0.083999	0.840542	1.295600	0.988782	0.148637	1.074320	0.081366	5.493500	1.346855	0.172685	0.814374	0.508551	0.008854	0.112842	0.971962	35.500542	19.722523	0.216447
95	73257	0.004519	0.073025	0.272884	0.083999	0.840542	1.295600	0.988782	0.148637	1.074320	0.081366	5.493500	1.346855	0.172685	0.814374	0.508551	0.008854	0.112842	0.971962	35.500542	19.722523	0.216447
96	73257	0.004519	0.073025	0.272884	0.083999	0.840542	1.295600	0.988782	0.148637	1.074320	0.081366	5.493500	1.346855	0.172685	0.814374	0.508551	0.008854	0.112842	0.971962	35.500542	19.722523	0.216447
97	73257	0.004519	0.073025	0.272884	0.083999	0.840542	1.295600	0.988782	0.148637	1.074320	0.081366	5.493500	1.346855	0.172685	0.814374	0.508551	0.008854	0.112842	0.971962	35.500542	19.722523	0.216447
98	73257	0.004519	0.073025	0.272884	0.083999	0.840542	1.295600	0.988782	0.148637	1.074320	0.081366	5.493500	1.346855	0.172685	0.814374	0.508551	0.008854	0.112842	0.971962	35.500542	19.722523	0.216447
99	73257	0.004519	0.073025	0.272884	0.083999	0.840542	1.295600	0.988782	0.148637	1.074320	0.081366	5.493500	1.346855	0.172685	0.814374	0.508551	0.008854	0.112842	0.971962	35.500542	19.722523	0.216447
100	73257	0.004519	0.073025	0.272884	0.083999	0.840542	1.295600	0.988782	0.148637	1.074320	0.081366	5.493500	1.346855	0.172685	0.814374	0.508551	0.008854	0.112842	0.971962	35.500542	19.722523	0.216447
101	73257	0.004519	0.073025	0.272884	0.083999	0.840542	1.295600	0.988782	0.148637	1.074320	0.081366	5.493500	1.346855	0.172685	0.814374	0.508551	0.008854	0.112842	0.971962	35.500542	19.722523	0.216447
102	73257	0.004519	0.073025	0.272884	0.083999	0.840542	1.295600	0.988782	0.148637	1.074320	0.081366	5.493500	1.346855	0.172685	0.814374	0.508551	0.008854	0.112842	0.971962	35.500542	19.722523	0.216447
103	73257	0.004519	0.073025	0.272884	0.083999	0.840542	1.295600	0.988782	0.148637	1.074320	0.081366	5.493500	1.346855	0.172685	0.814374	0.508551	0.008854	0.112842	0.971962	35.500542	19.722523	0.216447
104	73257	0.004519	0.073025	0.272884	0.083999	0.840542	1.295600	0.988782	0.148637	1.074320	0.081366	5.493500	1.346855	0.172685	0.814374	0.508551	0.008854	0.112842	0.971962	35.500542	19.722523	0.216447
105	73257	0.004519	0.073025	0.272884	0.083999	0.840542	1.295600	0.988782	0.148637	1.074320	0.081366	5.493500	1.346855	0.172685	0.814374	0.508551	0.008854	0.112842	0.971962	35.500542	19.722523	0.216447
106	73257	0.004519	0.073025	0.272884	0.083999	0.840542	1.295600	0.988782	0.148637	1.074320	0.081366	5.493500	1.346855	0.172685	0.814374	0.508551	0.008854	0.112842	0.971962	35.500542	19.722523	0.216447
107	73257	0.004519	0.073025	0.272884	0.083999	0.840542	1.295600	0.988782	0.148637	1.074320	0.081366	5.493500	1.346855	0.172685	0.814374	0.508551	0.008854	0.112842	0.971962	35.500542	19.722523	0.216447
108	73257	0.004519	0.073025	0.272884	0.083999	0.840542	1.295600	0.988782	0.148637	1.074320	0.081366	5.493500	1.346855	0.172685	0.814374	0.508551	0.008854	0.112842	0.971962	35.500542	19.722523	0.216447
109	73257	0.004519	0.073025	0.272884	0.083999	0.840542	1.295600	0.988782	0.148637	1.074320	0.081366	5.493500	1.346855	0.172685	0.814374	0.508551	0.008854	0.112842	0.971962	35.500542	19.722523	0.216447
110	73257	0.004519	0.073025	0.272884	0.083999	0.840542	1.295600	0.988782	0.148637	1.074320	0.081366	5.493500	1.346855	0.172685	0.814374	0.508551	0.008854	0.112842	0.971962	35.500542	19.722523	0.216447
111	73257	0.004519	0.073025	0.272884	0.083999	0.840542	1.295600	0.988782	0.148637	1.074320	0.081366	5.493500	1.346855	0.172685	0.814374	0.508551	0.008854	0.112842	0.971962	35.500542	19.722523	0.216447
112	73257	0.004519	0.073025	0.272884	0.083999	0.840542	1.295600	0.988782	0.148637	1.074320	0.081366	5.493500	1.346855	0.172685	0.814374	0.508551	0.008854	0.112842	0.971962	35.500542	19.722523	0.216447
113	73257	0.004519	0.073025	0.272884	0.083999	0.840542	1.295600	0.988782	0.148637	1.074320	0.081366	5.493500	1.346855	0.172685	0.814374	0.508551	0.008854	0.112842	0.971962	35.500542	19.722523	0.216447
114	73257	0.004519	0.073025	0.272884	0.083999	0.840542	1.295600	0.988782	0.148637	1.074320	0.081366	5.493500	1.346855	0.172685	0.814374	0.508551	0.008854	0.112842	0.971962	35.500542	19.722523	0.216447
115	73257	0.004519	0.073025	0.272884	0.083999	0.840542	1.295600	0.988782	0.148637	1.074320	0.081366	5.493500	1.346855	0.172685	0.814374	0.508551	0.008854	0.112842	0.971962	35.500542	19.722523	0.216447
116	73257	0.004519	0.073025	0.272884	0.083999	0.840542	1.295600	0.988782	0.148637	1.074320	0.081366	5.493500	1.346855	0.172685	0.814374	0.508551	0.008854	0.112842	0.971962	35.500542	19.722523	0.216447
117	73257	0.004519	0.073025	0.272884	0.083999	0.840542	1.295600	0.988782	0.148637	1.074320	0.081366	5.493500	1.346855	0.172685	0.814374	0.508551	0.008854	0.112842	0.971962	35.500542	19.722523	0.216447
118	73257	0.004519	0.073025	0.272884	0.083999	0.840542	1.295600	0.988782	0.148637	1.074320	0.081366	5.493500	1.346855	0.172685	0.814374	0.508551	0.008854	0.112842	0.971962	35.500542	19.722523	0.216447
119	73257	0.004519	0.073025	0.272884	0.083999	0.840542	1.295600	0.988782	0.148637	1.074320	0.081366	5.493500	1.346855	0.172685	0.814374	0.508551	0.008854	0.112842	0.971962	35.500542	19.722523	0.216447
120	73257	0.004519	0.073025	0.272884	0.083999	0.840542	1.295600	0.988782	0.148637	1.074320	0.081366	5.493500	1.346855	0.172685	0.814374	0.508551	0.008854	0.112842	0.971962	35.500542	19.722523	0.216447
121	73257	0.004519	0.073025	0.272884	0.083999	0.840542	1.295600	0.988782	0.148637	1.074320	0.081366	5.493500	1.346855	0.172685	0.814374	0.508551	0.008854	0.112842	0.971962	35.500542	19.722523	0.216447
122	73257	0.004519	0.073025	0.272884	0.083999	0.840542	1.295600	0.988782	0.148637	1.074320	0.081366	5.493500	1.346855	0.172685	0.814374	0.508551	0.008854	0.112842	0.971962	35.500542	19.722523	0.216447
123	73257	0.004519	0.073025	0.272884	0.083999	0.840542	1.295600	0.988782	0.148637	1.074320	0.081366	5.493500	1.346855	0.172685	0.814374	0.508551	0.008854	0.112842	0.971962	35.500542	19.722523	0.216447
124	73257	0.004519	0.073025	0.272884	0.083999	0.840542	1.295600	0.988782	0.148637	1.074320	0.081366	5.493500	1.346855	0.172685	0.814374	0.508551	0.008854	0.112842	0.971962	35.500542	19.722523	0.216447
125	73257	0.004519	0.073025	0.272884	0.083999	0.840542	1.295600	0.988782	0.148637	1.074320	0.081366	5.493500	1.346855	0.172685	0.814374	0.508551	0.008854	0.112842	0.971962	35.500542	19.722523	0.216447
126	73257	0.004519	0.073025	0.272884	0.083999	0.840542	1.295600	0.988782	0.148637	1.074320	0.081366	5.493500	1.346855	0.172685	0.814374	0.508551	0.008854	0.112842	0.971962	35.500542	19.722523	0.216447
127	73257	0.004519	0.073025	0.272884	0.083999	0.840542	1.295600	0.988782	0.148637	1.074320	0.081366	5.493500	1.346855	0.172685	0.814374	0.508551	0.008854	0.112842	0.971962	35.500542	19.722523	0.216447
128	73257	0.004519	0.073025	0.272884	0.083999	0.840542	1.295600	0.988782	0.148637	1.074320	0.081366	5.493500	1.346855	0.172685	0.814374	0.508551	0.008854	0.112842	0.971962	35.500542	19.722523	0.216447
129	73257	0.004519	0.073025	0.272884	0.083999	0.840542	1.295600	0.988782	0.148637	1.074320	0.081366	5.493500	1.346855	0.172685	0.814374	0.508551	0.008854	0.112842	0.971962	35.500542	19.722523	0.216447
130	73257	0.004519	0.073025	0.272884	0.083999	0.840542	1.295600	0.988782	0.148637	1.074320	0.081366	5.493500	1.346855	0.172685	0.814374	0.508551	0.008854	0.112842	0.971962	35.500542	19.722523	0.216447
131	73257	0.004519	0.073025	0.272884	0.083999	0.840542	1.295600	0.988782	0.148637	1.074320	0.081366	5.493500	1.346855	0.172685	0.814374	0.508551	0.008854	0.112842	0.971962	35.500542	19.722523	0.216447
132	73257	0.004519	0.073025	0.272884	0.083999	0.840542	1.295600	0.988782	0.148637	1.074320	0.081366	5.493500	1.346855	0.172685	0.814374	0.508551	0.008854	0.112842	0.971962	35.500542	19.722523	0.216447
133	73257	0.004519	0.073025	0.272884	0.083999	0.840542	1.295600	0.988782	0.148637	1.074320	0.081366	5.493500	1.346855	0.172685	0.814374	0.508551	0.008854	0.112842	0.971962	35.500542	19.722523	0.216447
134	73257	0.004519	0.073025	0.272884	0.083999	0.840542	1.295600	0.988782	0.148637	1.074320	0.081366	5.493500	1.346855	0.172685	0.814374	0.508551	0.008854	0.112842	0.971962	35.500542	19.722523	0.216447
135	73257	0.004519	0.073025	0.272884	0.083999	0.840542	1.295600	0.988782	0.148637	1.074320	0.081366	5.493500	1.346855	0.172685	0.814374	0.508551	0.008854	0.112842	0.971962	35.500542	19.722523	0.216447
136	73257	0.004519	0.073025	0.272884	0.083999	0.840542	1.295600	0.988782	0.148637	1.074320	0.081366	5.493500	1.346855	0.172685	0.814374	0.508551	0.008854	0.112842	0.971962	35.500542	19.722523	0.216447
137	73257	0.004519	0.073025	0.272884	0.083999	0.840542	1.295600	0.988782	0.148637	1.074320	0.081366	5.493500	1.346855	0.172685	0.814374	0.508551	0.008854	0.112842	0.971962	35.500542	19.722523	0.216447
138	73257	0.004519	0.073025	0.272884	0.083999	0.840542	1.295600	0.988782	0.148637	1.074320	0.081366	5.493500	1.346855	0.172685	0.814374	0.508551	0.008854	0.112842	0.971962	35.500542	19.722523	0.216447
139	73257	0.004519	0.073025	0.272884	0.083999	0.840542	1.295600	0.988782	0.148637	1.074320	0.081366	5.493500	1.346855	0.172685	0.814374	0.508551	0.008854	0.112842	0.971962	35.500542	19.722523	0.216447
140	73257	0.004519	0.073025	0.272884	0.083999	0.840542	1.295600	0.988782	0.148637	1.074320	0.081366	5.493500	1.346855	0.172685	0.814374	0.508551	0.008854	0.112842	0.971962	35.500542	19.722523	0.216447
141	73257	0.004519	0.073025	0.272884	0.083999	0.840542	1.295600	0.988782	0.148637	1.074320	0.081366	5.493500	1.346855	0.172685	0.814374	0.508551	0.008854	0.112842	0.971962	35.500542	19.722523	0.216447
142	73257	0.004519	0.073025	0.272884	0.083999	0.840542	1.295600	0.988782	0.148637	1.074320	0.081366	5.493500	1.346855	0.172685	0.814374	0.508551	0.008854	0.112842	0.971962	35.500542	19.722523	0.216447
143	73257	0.004519	0.073025	0.272884	0.083999	0.840542	1.295600	0.988782	0.148637	1.074320	0.081366	5.493500	1.346855	0.172685	0.814374	0.508551	0.008854	0.112842	0.971962	35.500542	19.722523	0.216447
144	73257	0.004519	0.073025	0.272884	0.083999	0.840542	1.295600	0.988782	0.148637	1.074320	0.081366	5.493500	1.346855	0.172685	0.814374	0.508551	0.008854	0.112842	0.971962	35.500542	19.722523	0.216447
145	73257	0.004519	0.073025	0.272884	0.083999	0.840542	1.295600	0.988782	0.148637	1.074320	0.081366	5.493500	1.346855	0.172685	0.814374	0.508551	0.008854	0.112842	0.971962	35.500542	19.722523	0.216447
146	73257	0.004519	0.073025	0.272884	0.083999	0.840542	1.295600	0.988782	0.148637	1.074320	0.081366	5.493500	1.346855	0.172685	0.814374	0.508551	0.008854	0.112842	0.971962	35.500542	19.722523	0.216447
147	73257	0.004519	0.073025	0.272884	0.083999	0.840542	1.295600	0.988782	0.148637	1.074320	0.081366	5.493500	1.346855	0.172685	0.814374	0.508551	0.008854	0.112842	0.971962	35.500542	19.722523	0.216447
148	73257	0.004519	0.073025	0.272884	0.083999	0.840542	1.295600	0.988782	0.148637	1.074320	0.081366	5.493500	1.346855	0.172685	0.814374	0.508551	0.008854	0.112842	0.971962	35.500542	19.722523	0.216447
149	73257	0.004519	0.073025	0.272884	0.083999	0.840542	1.295600	0.988782	0.148637	1.074320	0.081366	5.493500	1.346855	0.172685	0.814374	0.508551	0.008854	0.112842	0.971962	35.500542	19.722523	0.216447
150	73257	0.004519	0.073025	0.272884	0.083999	0.840542	1.295600	0.988782	0.148637	1.074320	0.081366	5.493500	1.346855	0.172685	0.814374	0.508551	0.008854	0.112842	0.971962	35.500542	19.722523	0.216447
151	73257	0.004519	0.073025	0.272884	0.083999	0.840542	1.295600	0.988782	0.148637	1.074320	0.081366	5.493500	1.346855	0.172685	0.814374	0.508551	0.008854	0.112842	0.971962	35.500542	19.722523	0.216447
152	73257	0.004519	0.073025	0.272884	0.083999	0.840542	1.295600	0.988782	0.148637	1.074320	0.081366	5.493500	1.346855	0.172685	0.814374	0.508551	0.008854	0.112842	0.971962	35.500542	19.722523	0.216447
153	73257	0.004519	0.073025	0.272884	0.083999	0.840542	1.295600	0.988782	0.148637	1.074320	0.081366	5.493500	1.346855	0.172685	0.814374	0.508551	0.008854	0.112842	0.971962	35.500542	19.722523	0.216447
154	73257	0.004519	0.073025	0.272884	0.083999	0.840542	1.295600	0.988782	0.148637	1.074320	0.081366	5.493500	1.346855	0.172685	0.814374	0.508551	0.008854	0.112842	0.971962	35.500542	19.722523	0.216447
155	73257	0.004519	0.073025	0.272884	0.083999	0.840542	1.295600	0.988782	0.148637	1.074320	0.081366	5.493500	1.346855	0.172685	0.814374	0.508551	0.008854	0.112842	0.971962	35.500542	19.722523	0.216447
156	73257	0.004519	0.073025	0.272884	0.083999	0.840542	1.295600	0.988782	0.148637	1.074320	0.081366	5.493500	1.346855	0.172685	0.814374	0.508551	0.008854	0.112842	0.971962	35.500542	19.722523	0.216447
157	73257	0.004519	0.073025	0.272884	0.083999	0.840542	1.295600	0.988782	0.148637	1.074320	0.081366	5.493500	1.346855	0.172685	0.814374	0.508551	0.008854	0.112842	0.971962	35.500542	19.722523	0.216447
158	73257	0.004519	0.073025	0.272884	0.083999	0.840542	1.295600	0.988782	0.148637	1.074320	0.081366	5.493500	1.346855	0.172685	0.814374	0.508551	0.008854	0.112842	0.971962	35.500542	19.722523	0.216447
159	73257	0.004519	0.073025	0.272884	0.083999	0.840542	1.295600	0.988782	0.148637	1.074320	0.081366	5.493500	1.346855	0.172685	0.814374	0.508551	0.008854	0.112842	0.971962	35.500542	19.722523	0.216447
160	73257	0.004519	0.073025	0.272884	0.083999	0.840542	1.295600	0.988782	0.148637	1.074320	0.081366	5.493500	1.346855	0.172685	0.814374	0.508551	0.008854	0.112842	0.971962	35.500542	19.722523	0.216447
161	73257	0.004519	0.073025	0.272884	0.083999	0.840542	1.295600	0.988782	0.148637	1.074320	0.081366	5.493500	1.346855	0.172685	0.814374	0.508551	0.008854	0.112842	0.971962	35.500542	19.722523	0.216447
162	73257	0.004519	0.073025	0.272884	0.083999	0.840542	1.295600	0.988782	0.148637	1.074320	0.081366	5.493500	1.346855	0.172685	0.814374	0.508551	0.008854	0.112842	0.971962	35.500542	19.722523	0.216447
163	73257	0.004519	0.073025	0.272884	0.083999	0.840542	1.295600	0.988782	0.148637	1.074320	0.081366	5.493500	1.346855	0.172685	0.814374	0.508551	0.008854	0.112842	0.971962	35.500542	19.722523	0.216447
164	73257	0.004519	0.073025	0.272884	0.083999	0.840542	1.295600	0.988782	0.148637	1.074320	0.081366	5.493500	1.346855	0.172685	0.814374	0.508551	0.008854	0.112842	0.971962	35.500542	19.722523	0.216447
165	73257	0.004519	0.073025	0.272884	0.083999	0.840542	1.295600	0.988782	0.148637	1.074320	0.081366	5.493500	1.346855	0.172685	0.814374	0.508551	0.008854	0.112842	0.971962	35.500542	19.722523	0.216447
166	73257	0.004519	0.073025	0.272884	0.083999	0.840542	1.295600	0.988782	0.148637	1.074320	0.081366	5.493500	1.346855	0.172685	0.814374	0.508551	0.008854	0.112842	0.971962	35.500542	19.722523	0.216447
167	73257	0.004519	0.073025	0.272884	0.083999	0.840542	1.295600	0.988782	0.148637	1.074320	0.081366	5.493500	1.346855	0.172685	0.814374	0.508551	0.008854	0.112842	0.971962	35.500542	19.722523	0.216447
168	73257	0.004519	0.073025	0.272884	0.083999	0.840542	1.295600	0.988782	0.148637	1.074320	0.081366	5.493500	1.346855	0.172685	0.814374	0.508551	0.008854	0.112842	0.971962	35.500542	19.722523	0.216447
169	73257	0.004519	0.073025	0.272884	0.083999	0.840542	1.295600	0.988782	0.148637	1.074320	0.081366	5.493500	1.346855	0.172685	0.814374	0.508551	0.008854	0.112842	0.971962	35.500542	19.722523	0.216447
170	73257	0.004519	0.073025	0.272884	0.083999	0.840542	1.295600	0.988782	0.148637	1.074320	0.081366	5.493500	1.346855	0.172685	0.814374	0.508551	0.008854	0.112842	0.971962	35.500542	19.722523	0.216447
171	73257	0.004519	0.073025	0.272884	0.083999	0.840542	1.295600	0.988782	0.148637	1.074320	0.081366	5.493500	1.346855	0.172685	0.814374	0.508551	0.008854	0.112842	0.971962	35.500542	19.722523	0.216447
172	73257	0.004519	0.073025	0.272884	0.083999	0.840542	1.295600	0.988782	0.148637	1.074320	0.081366	5.493500	1.346855	0.172685	0.814374	0.508551	0.008854	0.112842	0.971962	35.500542	19.722523	0.216447
173	73257	0.004519	0.073025	0.272884	0.083999	0.840542	1.295600	0.988782	0.148637	1.074320	0.081366	5.493500	1.346855	0.172685	0.814374	0.508551	0.008854	0.112842	0.971962	35.500542	19.722523	0.216447
174	73257	0.004519	0.073025	0.272884	0.083999	0.840542	1.295600	0.988782	0.148637	1.074320	0.081366	5.493500	1.346855	0.172685	0.814374	0.508551	0.008854	0.112842	0.971962	35.500542	19.722523	0.216447
175	73257	0.004519	0.073025	0.272884	0.083999	0.840542	1.295600	0.988782	0.148637	1.074320	0.081366	5.493500	1.346855	0.172685	0.814374	0.508551	0.008854	0.112842	0.971962	35.500542	19.722523	0.216447
176	73257	0.004519	0.073025	0.272884	0.083999	0.840542	1.295600	0.988782	0.148637	1.074320	0.081366	5.493500	1.346855	0.172685	0.814374	0.508551	0.008854	0.112842	0.971962	35.500542	19.722523	0.216447
177	73257	0.004519	0.073025	0.272884	0.083999	0.840542	1.295600	0.988782	0.148637	1.074320	0.081366	5.493500	1.346855	0.172685	0.814374	0.508551	0.008854	0.112842	0.971962	35.500542	19.722523	0.216447
178	73257	0.004519	0.073025	0.272884	0.083999	0.840542	1.295600	0.988782	0.148637	1.074320	0.081366	5.493500	1.346855	0.172685	0.814374	0.508551	0.008854	0.112842	0.971962	35.500542	19.722523	0.216447
179	73257	0.004519	0.073025	0.272884	0.083999	0.840542	1.295600	0.988782	0.148637	1.074320	0.081366	5.493500	1.346855	0.172685	0.814374	0.508551	0.008854	0.112842	0.971962	35.500542	19.722523	0.216447
180	73257	0.004519	0.073025	0.272884	0.083999	0.840542	1.295600	0.988782	0.148637	1.074320	0.081366	5.493500	1.346855	0.172685	0.814374	0.508551	0.008854	0.112842	0.971962	35.500542	19.722523	0.216447
181	73257	0.004519	0.073025	0.272884	0.083999	0.840542	1.295600	0.988782	0.148637	1.074320	0.081366	5.493500	1.346855	0.172685	0.814374	0.508551	0.008854	0.112842	0.971962	35.500542	19.722523	0.216447
182	73257	0.004519	0.073025	0.272884	0.083999	0.840542	1.295600	0.988782	0.148637	1.074320	0.081366	5.493500	1.346855	0.172685	0.814374	0.508551	0.008854	0.112842	0.971962	35.500542	19.722523	0.216447
183	73257	0.004519	0.073025	0.272884	0.083999	0.840542	1.295600	0.988782	0.148637	1.074320	0.081366	5.493500	1.346855	0.172685	0.814374	0.508551	0.008854	0.112842	0.971962	35.500542	19.722523	0.216447
184	73257	0.004519	0.073025	0.272884	0.083999	0.840542	1.295600	0.988782	0.148637	1.074320	0.081366	5.493500	1.346855	0.172685	0.814374	0.508551	0.008854	0.112842	0.971962	35.500542	19.722523	0.216447
185	73257	0.004519	0.073025	0.272884	0.083999	0.840542	1.295600	0.988782	0.148637	1.074320	0.081366	5.493500	1.346855	0.172685	0.814374	0.508551	0.008854	0.112842	0.971962	35.500542	19.722523	0.216447
186	73257	0.004519	0.073025	0.272884	0.083999	0.840542	1.295600	0.988782	0.148637	1.074320	0.081366	5.493500	1.346855	0.172685	0.814374	0.508551	0.008854	0.112842	0.971962	35.500542	19.722523	0.216447
187	73257	0.004519	0.073025	0.272884	0.083999	0.840542	1.295600	0.988782	0.148637	1.074320	0.081366	5.493500	1.346855	0.172685	0.814374	0.508551	0.008854	0.112842	0.971962	35.500542	19.722523	0.216447
188	73257	0.004519	0.073025	0.272884	0.083999	0.840542	1.295600	0.988782	0.148637	1.074320	0.081366	5.493500	1.346855	0.172685	0.814374	0.508551	0.008854	0.112842	0.971962	35.500542	19.722523	0.216447
189	73257	0.004519	0.073025	0.272884	0.083999	0.840542	1.295600	0.988782	0.148637	1.074320	0.081366	5.493500	1.346855	0.172685	0.814374	0.508551	0.008854	0.112842	0.971962	35.500542	19.722523	0.216447
190	73257	0.004519	0.073025	0.272884	0.083999	0.840542	1.295600	0.988782	0.148637	1.074320	0.081366	5.493500	1.346855	0.172685	0.814374	0.508551	0.008854	0.112842	0.971962	35.500542	19.722523	0.216447
191	73257	0.004519	0.073025	0.272884	0.083999	0.840542	1.295600	0.988782	0.148637	1.074320	0.081366	5.493500	1.346855	0.172685	0.814374	0.508551	0.008854	0.112842	0.971962	35.500542	19.722523	0.216447
192	73257	0.004519	0.073025	0.272884	0.083999	0.840542	1.295600	0.988782	0.148637	1.074320	0.081366	5.493500	1.346855	0.172685	0.814374	0.508551	0.008854	0.112842	0.971962	35.500542	19.722523	0.216447
193	73257	0.004519	0.073025	0.272884	0.083999	0.840542	1.295600	0.988782	0.148637	1.074320	0.081366	5.493500	1.346855	0.172685	0.814374	0.508551	0.008854	0.112842	0.971962	35.500542	19.722523	0.216447
194	73257	0.004519	0.073025	0.272884	0.083999	0.840542	1.295600	0.988782	0.148637	1.074320	0.081366	5.493500	1.346855	0.172685	0.814374	0.508551	0.008854	0.112842	0.971962	35.500542	19.722523	0.216447
195	73257	0.004519	0.073025	0.272884	0.083999	0.840542	1.295600	0.988782	0.148637	1.074320	0.081366	5.493500	1.346855	0.172685	0.814374	0.508551	0.008854	0.112842	0.971962	35.500542	19.722523	0.216447
196	73257	0.004519	0.073025	0.272884	0.083999	0.840542	1.295600	0.988782	0.148637	1.074320	0.081366	5.493500	1.346855	0.172685	0.814374	0.508551	0.008854	0.112842	0.971962	35.500542	19.722523	0.216447
197	73257	0.004519	0.073025	0.272884	0.083999	0.840542	1.295600	0.988782	0.148637	1.074320	0.081366	5.493500	1.346855	0.172685	0.814374	0.508551	0.008854	0.112842	0.971962	35.500542	19.722523	0.216447
198	73257	0.004519	0.073025	0.272884	0.083999	0.840542	1.295600	0.988782	0.148637	1.074320	0.081366	5.493500	1.346855	0.172685	0.814374	0.508551	0.008854	0.112842	0.971962	35.500542	19.722523	0.216447
199	73257	0.004519	0.073025	0.272884	0.083999	0.840542	1.295600	0.988782	0.148637	1.074320	0.081366	5.493500	1.346855	0.172685	0.814374	0.508551	0.008854	0.112842	0.971962	35.500542	19.722523	0.216447
200	73257	0.004519	0.073025	0.272884	0.083999	0.840542	1.295600	0.988782	0.148637	1.074320	0.081366	5.493500	1.346855	0.172685	0.814374	0.508551	0.008854	0.112842	0.971962	35.500542	19.722523	0.216447
201	73257	0.004519	0.073025	0.272884	0.083999	0.840542	1.295600	0.988782	0.148637	1.074320	0.081366	5.493500	1.346855	0.172685	0.814374	0.508551	0.008854	0.112842	0.971962	35.500542	19.722523	0.216447
202	73257	0.004519	0.073025	0.272884	0.083999	0.840542	1.295600	0.988782	0.148637	1.074320	0.081366	5.493500	1.346855	0.172685	0.814374	0.508551	0.008854	0.112842	0.971962	35.500542	19.722523	0.216447
203	73257	0.004519	0.073025	0.272884	0.083999	0.840542	1.295600	0.988782	0.148637	1.074320	0.081366	5.493500	1.346855	0.172685	0.814374	0.508551	0.008854	0.112842	0.971962	35.500542	19.722523	0.216447
204	73257	0.004519	0.073025	0.272884	0.083999	0.840542	1.295600	0.988782	0.148637	1.074320	0.081366	5.493500	1.346855	0.172685	0.814374	0.508551	0.008854	0.112842	0.971962	35.500542	19.722523	0.216447
205	73257	0.004519	0.073025	0.272884	0.083999	0.840542	1.295600	0.988782	0.148637	1.074320	0.081366	5.493500	1.346855	0.172685	0.814374	0.508551	0.008854	0.112842	0.971962	35.500542	19.722523	0.216447
206	73257	0.004519	0.073025	0.272884	0.083999	0.840542	1.295600	0.988782	0.148637	1.074320	0.081366	5.493500	1.346855	0.172685	0.814374	0.508551	0.008854	0.112842	0.971962	35.500542	19.722523	0.216447
207	73257	0.004519	0.073025	0.272884	0.083999	0.840542	1.295600	0.988782	0.148637	1.074320	0.081366	5.493500	1.346855	0.172685	0.814374	0.508551	0.008854	0.112842	0.971962	35.500542	19.722523	0.216447
208	73257	0.004519	0.073025	0.272884	0.083999	0.840542	1.295600	0.988782	0.148637	1.074320	0.081366	5.493500	1.346855	0.172685	0.814374	0.508551	0.008854	0.112842	0.971962	35.500542	19.722523	0.216447
209	73257	0.004519	0.073025	0.272884	0.083999	0.840542	1.295600	0.988782	0.148637	1.074320	0.081366	5.493500	1.346855	0.172685	0.814374	0.508551	0.008854	0.112842	0.971962	35.500542	19.722523	0.216447
210	73257	0.004519	0.073025	0.272884	0.083999	0.840542	1.295600	0.988782	0.148637	1.074320	0.081366	5.493500	1.346855	0.172685	0.814374	0.508551	0.008854	0.112842	0.971962	35.500542	19.722523	0.216447
211	73257	0.004519	0.073025	0.272884	0.083999	0.840542	1.295600	0.988782	0.148637	1.074320	0.081366	5.493500	1.346855	0.172685	0.814374	0.508551	0.008854	0.112842	0.971962	35.500542	19.722523	0.216447
212	73257	0.004519	0.073025	0.272884	0.083999	0.840542	1.295600	0.988782	0.148637	1.074320	0.081366	5.493500	1.346855	0.172685	0.814374	0.508551	0.008854	0.112842	0.971962	35.500542	19.722523	0.216447
213	73257	0.004519	0.073025	0.272884	0.083999	0.840542	1.295600	0.988782	0.148637	1.074320	0.081366	5.493500	1.346855	0.172685	0.814374	0.508551	0.008854	0.112842	0.971962	35.500542	19.722523	0.216447
214	73257	0.004519	0.073025	0.272884	0.083999	0.840542	1.295600	0.988782	0.148637	1.074320	0.081366	5.493500	1.346855	0.172685	0.814374	0.508551	0.008854	0.112842	0.971962	35.500542	19.722523	0.216447
215	73257	0.004519	0.073025	0.272884	0.083999	0.840542	1.295600	0.988782	0.148637	1.074320	0.081366	5.493500	1.346855	0.172685	0.814374	0.508551	0.008854	0.112842	0.971962	35.500542	19.722523	0.216447
216	73257	0.004519	0.073025	0.272884	0.083999	0.840542	1.295600	0.988782	0.148637	1.074320	0.081366	5.493500	1.346855	0.172685	0.814374	0.508551	0.008854	0.112842	0.971962	35.500542	19.722523	0.216447
217	73257	0.004519	0.073025	0.272884	0.083999	0.840542	1.295600	0.988782	0.148637	1.074320	0.081366	5.493500	1.346855	0.172685	0.814374	0.508551	0.008854	0.112842	0.971962	35.500542	19.722523	0.216447
218	73257	0.004519	0.073025	0.272884	0.083999	0.840542	1.295600	0.988782	0.148637	1.074320	0.081366	5.493500	1.346855	0.172685	0.814374	0.508551	0.008854	0.112842	0.971962	35.500542	19.722523	0.216447
219	73257	0.004519	0.073025	0.272884	0.083999	0.840542	1.295600	0.988782	0.148637	1.074320	0.081366	5.493500	1.346855	0.172685	0.814374	0.508551	0.008854	0.112842	0.971962	35.500542	19.722523	0.216447
220	73257	0.004519	0.073025	0.272884	0.083999	0.840542	1.295600	0.988782	0.148637	1.074320	0.081366	5.493500	1.346855	0.172685	0.814374	0.508551	0.008854	0.112842	0.971962	35.500542	19.722523	0.216447
221	73257	0.004519	0.073025	0.272884	0.083999	0.840542	1.295600	0.988782	0.148637	1.074320	0.081366	5.493500	1.346855	0.172685	0.814374	0.508551	0.008854	0.112842	0.971962	35.500542	19.722523	0.216447
222	73257	0.004519	0.073025	0.272884	0.083999	0.840542	1.295600	0.988782	0.148637	1.074320	0.081366	5.493500	1.346855	0.172685	0.814374	0.508551	0.008854	0.112842	0.971962	35.500542	19.722523	0.216447
223	73257	0.004519	0.073025	0.272884	0.083999	0.840542	1.295600	0.988782	0.148637	1.074320	0.081366	5.493500	1.346855	0.172685	0.814374	0.508551	0.008854	0.112842	0.971962	35.500542	19.722523	0.216447
224	73257	0.004519	0.073025	0.272884	0.083999	0.840542	1.295600	0.988782	0.148637	1.074320	0.081366	5.493500	1.346855	0.172685	0.814374	0.508551	0.008854	0.112842	0.971962	35.500542	19.722523	0.216447
225	73257	0.004519	0.073025	0.272884	0.083999	0.840542	1.295600	0.988782	0.148637	1.074320	0.081366	5.493500	1.346855	0.172685	0.814374	0.508551	0.008854	0.112842	0.971962	35.500542	19.722523	0.216447
226	73257	0.004519	0.073025	0.272884	0.083999	0.840542	1.295600	0.988782	0.148637	1.074320	0.081366	5.493500	1.346855	0.172685	0.814374	0.508551	0.008854	0.112842	0.971962	35.500542	19.722523	0.216447
227	73257	0.004519	0.073025	0.272884	0.083999	0.840542	1.295600	0.988782	0.148637	1.074320	0.081366	5.493500	1.346855	0.172685	0.814374	0.508551	0.008854	0.112842	0.971962	35.500542	19.722523	0.216447
228	73257	0.004519	0.073025	0.272884	0.083999	0.840542	1.295600	0.988782	0.148637	1.074320	0.081366	5.493500	1.346855	0.172685	0.814374	0.508551	0.008854	0.112842	0.971962	35.500542	19.722523	0.216447
229	73257	0.004519	0.073025	0.272884	0.083999	0.840542	1.295600	0.988782	0.148637	1.074320	0.081366	5.493500	1.346855	0.172685	0.814374	0.508551	0.008854	0.112842	0.971962	35.500542	19.722523	0.216447
230	73257	0.004519	0.073025	0.272884	0.083999	0.840542	1.295600	0.988782	0.148637	1.074320	0.081366	5.493500	1.346855	0.172685	0.814374	0.508551	0.008854	0.112842	0.971962	35.500542	19.722523	0.216447
231	73257	0.004519	0.073025	0.272884	0.083999	0.840542	1.295600	0.988782	0.148637	1.074320	0.081366	5.493500	1.346855	0.172685	0.814374	0.508551	0.008854	0.112842	0.971962	35.500542	19.722523	0.216447
232	73257	0.004519	0.073025	0.272884	0.083999	0.840542	1.295600	0.988782	0.148637	1.074320	0.081366	5.493500	1.346855	0.172685	0.814374	0.508551	0.008854	0.112842	0.971962	35.500542	19.722523	0.216447
233	73257	0.004519	0.073025	0.272884	0.083999	0.840542	1.295600	0.988782	0.148637	1.074320	0.081366	5.493500	1.346855	0.172685	0.814374	0.508551	0.008854	0.112842	0.971962	35.500542	19.722523	0.216447
234	73257	0.004519	0.073025	0.272884	0.083999	0.840542	1.295600	0.988782	0.148637	1.074320	0.081366	5.493500	1.346855	0.172685	0.814374	0.508551	0.008854	0.112842	0.971962	35.500542	19.722523	0.216447
235	73257	0.004519	0.073025	0.272884	0.083999	0.840542	1.295600	0.988782	0.148637	1.074320	0.081366	5.493500	1.346855	0.172685	0.814374	0.508551	0.008854	0.112842	0.971962	35.500542	19.722523	0.216447
236	73257	0.004519	0.073025	0.272884	0.083999	0.840542	1.295600	0.988782	0.148637	1.074320	0.081366	5.493500	1.346855	0.172685	0.814374	0.508551	0.008854	0.112842	0.971962	35.500542	19.722523	0.216447
237	73257	0.004519	0.073025	0.272884	0.083999	0.840542	1.295600	0.988782	0.148637	1.074320	0.081366	5.493500	1.346855	0.172685	0.814374	0.508551	0.008854	0.112842	0.971962	35.500542	19.722523	0.216447
238	73257	0.004519	0.073025	0.272884	0.083999	0.840542	1.295600	0.988782	0.148637	1.074320	0.081366	5.493500	1.346855	0.172685	0.814374	0.508551	0.008854	0.112842	0.971962	35.500542	19.722523	0.216447
239	73257	0.004519	0.073025	0.272884	0.083999	0.840542	1.295600	0.988782	0.148637	1.074320	0.081366	5.493500	1.346855	0.172685	0.814374	0.508551	0.008854	0.112842	0.971962	35.500542	19.722523	0.216447
240	73257	0.004519	0.073025	0.272884	0.083999	0.840542	1.295600	0.988782	0.148637	1.074320	0.081366	5.493500	1.346855	0.172685	0.814374	0.508551	0.008854	0.112842	0.971962	35.500542	19.722523	0.216447
241	73257	0.004519	0.073025	0.272884	0.083999	0.840542	1.295600	0.988782	0.148637	1.074320	0.081366	5.493500	1.346855	0.172685	0.814374	0.508551	0.008854	0.112842	0.971962	35.500542	19.722523	0.216447
242	73257	0.004519	0.073025	0.272884	0.083999	0.840542	1.295600	0.988782	0.148637	1.074320	0.081366	5.493500	1.346855	0.172685	0.814374	0.508551	0.008854	0.112842	0.971962	35.500542	19.722523	0.216447
243	73257	0.004519	0.073025	0.272884	0.083999	0.840542	1.295600	0.988782	0.148637	1.074320	0.081366	5.493500	1.346855	0.172685	0.814374	0.508551	0.008854	0.112842	0.971962	35.500542	19.722523	0.216447
244	73257	0.004519	0.073025	0.272884	0.083999	0.840542	1.295600	0.988782	0.148637	1.074320	0.081366	5.493500	1.346855	0.172685	0.814374	0.508551	0.008854	0.112842	0.971962	35.500542	19.722523	0.216447
245	73257	0.004519	0.073025	0.272884	0.083999	0.840542	1.295600	0.988782	0.148637	1.074320	0.081366	5.493500	1.346855	0.172685	0.814374	0.508551	0.008854	0.112842	0.971962	35.500542	19.722523	0.216447
246	73257	0.004519	0.073025	0.272884	0.083999	0.840542	1.295600	0.988782	0.148637	1.074320	0.081366	5.493500	1.346855	0.172685	0.814374	0.508551	0.008854	0.112842	0.971962	35.500542	19.722523	0.216447
247	73257	0.004519	0.073025	0.272884	0.083999	0.840542	1.295600	0.988782	0.148637	1.074320	0.081366	5.493500	1.346855	0.172685	0.814374	0.508551	0.008854	0.112842	0.971962	35.500542	19.722523	0.216447
248	73257	0.004519	0.073025	0.272884	0.083999	0.840542	1.295600	0.988782	0.148637	1.074320	0.081366	5.493500	1.346855	0.172685	0.814374	0.508551	0.008854	0.112842	0.971962	35.500542	19.722523	0.216447
249	73257	0.004519	0.073025	0.272884	0.083999	0.840542	1.295600	0.988782	0.148637	1.074320	0.081366	5.493500	1.346855	0.172685	0.814374	0.508551	0.008854	0.112842	0.971962	35.500542	19.722523	0.216447
250	73257	0.004519	0.073025	0.272884	0.083999	0.840542	1.295600	0.988782	0.148637	1.074320	0.081366	5.493500	1.346855	0.172685	0.814374	0.508551	0.008854	0.112842	0.971962	35.500542	19.722523	0.216447
251	73257	0.004519	0.073025	0.272884	0.083999	0.840542	1.295600	0.988782	0.148637	1.074320	0.081366	5.493500	1.346855	0.172685	0.814374	0.508551	0.008854	0.112842	0.971962	35.500542	19.722523	0.216447
252	73257	0.004519	0.073025	0.272884	0.083999	0.840542	1.295600	0.988782	0.148637	1.074320	0.081366	5.493500	1.346855	0.172685	0.814374	0.508551	0.008854	0.112842	0.971962	35.500542	19.722523	0.216447
253	73257	0.004519	0.073025	0.272884	0.083999	0.840542	1.295600	0.988782	0.148637	1.074320	0.081366	5.493500	1.346855	0.172685	0.814374	0.508551	0.008854	0.112842	0.971962	35.500542	19.722523	0.216447
254	73257	0.004519	0.073025	0.272884	0.083999	0.840542	1.295600	0.988782	0.148637	1.074320	0.081366	5.493500	1.346855	0.172685	0.814374	0.508551	0.008854	0.112842	0.971962	35.500542	19.722523	0.216447
255	73257	0.004519	0.073025	0.272884	0.083999	0.840542	1.295600	0.988782	0.148637	1.074320	0.081366	5.493500	1.346855	0.172685	0.814374	0.508551	0.008854	0.112842	0.971962	35.500542	19.722523	0.216447
256	73257	0.004519	0.073025	0.272884	0.083999	0.840542	1.295600	0.988782	0.148637	1.074320	0.081366	5.493500	1.346855	0.172685	0.814374	0.508551	0.008854	0.112842	0.971962	35.500542	19.722523	0.216447
257	73257	0.004519	0.073025	0.272884	0.083999	0.840542	1.295600	0.988782	0.148637	1.074320	0.081366	5.493500	1.346855	0.172685	0.814374	0.508551	0.008854	0.112842	0.971962	35.500542	19.722523	0.216447
258	73257	0.004519	0.073025	0.272884	0.083999	0.840542	1.295600	0.988782	0.148637	1.074320	0.081366	5.493500	1.346855	0.172685	0.814374	0.508551	0.008854	0.112842	0.971962	35.500542	19.722523	0.216447
259	73257	0.004519	0.073025	0.272884	0.083999	0.840542	1.295600	0.988782	0.148637	1.074320	0.081366	5.493500	1.346855	0.172685	0.814374	0.508551	0.008854	0.112842	0.971962	35.500542	19.722523	0.216447
260	73257	0.004519	0.073025	0.272884	0.083999	0.840542	1.295600	0.988782	0.148637	1.074320	0.081366	5.493500	1.346855	0.172685	0.814374	0.508551	0.008854	0.112842	0.971962	35.500542	19.722523	0.216447
261	73257	0.004519	0.073025	0.272884	0.083999	0.840542	1.295600	0.988782	0.148637	1.074320	0.081366	5.493500	1.346855	0.172685	0.814374	0.508551	0.008854	0.112842	0.971962	35.500542	19.722523	0.216447
262	73257	0.004519	0.073025	0.272884	0.083999	0.840542	1.295600	0.988782	0.148637	1.074320	0.081366	5.493500	1.346855	0.172685	0.814374	0.508551	0.008854	0.112842	0.971962	35.500542	19.722523	0.216447
263	73257	0.004519	0.073025	0.272884	0.083999	0.840542	1.295600	0.988782	0.148637	1.074320	0.081366	5.493500	1.346855	0.172685	0.814374	0.508551	0.008854	0.112842	0.971962	35.500542	19.722523	0.216447
264	73257	0.004519	0.073025	0.272884	0.083999	0.840542	1.295600	0.988782	0.148637	1.074320	0.081366	5.493500	1.346855	0.172685	0.814374	0.508551	0.008854	0.112842	0.971962	35.500542	19.722523	0.216447
265	73257	0.004519	0.073025	0.272884	0.083999	0.840542	1.295600	0.988782	0.148637	1.074320	0.081366	5.493500	1.346855	0.172685	0.814374	0.508551	0.008854	0.112842	0.971962	35.500542	19.722523	0.216447
266	73257	0.004519	0.073025	0.272884	0.083999	0.840542	1.295600	0.988782	0.148637	1.074320	0.081366	5.493500	1.346855	0.172685	0.814374	0.508551	0.008854	0.112842	0.971962	35.500542	19.722523	0.216447
267	73257	0.004519	0.073025	0.272884	0.083999	0.840542	1.295600	0.988782	0.148637	1.074320	0.081366	5.493500	1.346855	0.172685	0.814374	0.508551	0.008854	0.112842	0.971962	35.500542	19.722523	0.216447
268	73257	0.004519	0.073025	0.272884	0.083999	0.840542	1.295600	0.988782	0.148637	1.074320	0.081366	5.493500	1.346855	0.172685	0.814374	0.508551	0.008854	0.112842	0.971962	35.500542	19.722523	0.216447
269	73257	0.004519	0.073025	0.272884	0.083999	0.840542	1.295600	0.988782	0.148637	1.074320	0.081366	5.493500	1.346855	0.172685	0.814374	0.508551	0.008854	0.112842	0.971962	35.500542	19.722523	0.216447
270	73257	0.004519	0.073025	0.272884	0.083999	0.840542	1.295600	0.988782	0.148637	1.074320	0.081366	5.493500	1.346855	0.172685	0.814374	0.508551	0.008854	0.112842	0.971962	35.500542	19.722523	0.216447
271	73257	0.004519	0.073025	0.272884	0.083999	0.840542	1.295600	0.988782	0.148637	1.074320	0.081366	5.493500	1.346855	0.172685	0.814374	0.508551	0.008854	0.112842	0.971962	35.500542	19.722523	0.216447
272	73257	0.004519	0.073025	0.272884	0.083999	0.840542	1.295600	0.988782	0.148637	1.074320	0.081366	5.493500	1.346855	0.172685	0.814374	0.508551	0.008854	0.112842	0.971962	35.500542	19.722523	0.216447
273	73257	0.004519	0.073025	0.272884	0.083999	0.840542	1.295600	0.988782	0.148637	1.074320	0.081366	5.493500	1.346855	0.172685	0.814374	0.508551	0.008854	0.112842	0.971962	35.500542	19.722523	0.216447
274	73257	0.004519	0.073025	0.272884	0.083999	0.840542	1.295600	0.988782	0.148637	1.074320	0.081366	5.493500	1.346855	0.172685	0.814374	0.508551	0.008854	0.112842	0.971962	35.500542	19.722523	0.216447
275	73257	0.004519	0.073025	0.272884	0.083999	0.840542	1.295600	0.988782	0.148637	1.074320	0.081366	5.493500	1.346855	0.172685	0.814374	0.508551	0.008854	0.112842	0.971962	35.500542	19.722523	0.216447
276	73257	0.004519	0.073025	0.272884	0.083999	0.840542	1.295600	0.988782	0.148637	1.074320	0.081366	5.493500	1.346855	0.172685	0.814374	0.508551	0.008854	0.112842	0.971962	35.500542	19.722523	0.216447
277	73257	0.004519	0.073025	0.272884	0.083999	0.840542	1.295600	0.988782	0.148637	1.074320	0.081366	5.493500	1.346855	0.172685	0.814374	0.508551	0.008854	0.112842	0.971962	35.500542	19.722523	0.216447
278	73257	0.004519	0.073025	0.272884	0.083999	0.840542	1.295600	0.988782	0.148637	1.074320	0.081366	5.493500	1.346855	0.172685	0.814374	0.508551	0.008854	0.112842	0.971962	35.500542	19.722523	0.216447
279	73257	0.004519	0.073025	0.272884	0.083999	0.840542	1.295600	0.988782	0.148637	1.074320	0.081366	5.493500	1.346855	0.172685	0.814374	0.508551	0.008854	0.112842	0.971962	35.500542	19.722523	0.216447
280	73257	0.004519	0.073025	0.272884	0.083999	0.840542	1.295600	0.988782	0.148637	1.074320	0.081366	5.493500	1.346855	0.172685	0.814374	0.508551	0.008854	0.112842	0.971962	35.500542	19.722523	0.216447
281	73257	0.004519	0.073025	0.272884	0.083999	0.840542	1.295600	0.988782	0.148637	1.074320	0.081366	5.493500	1.346855	0.172685	0.814374	0.508551	0.008854	0.112842	0.971962	35.500542	19.722523	0.216447
282	73257	0.004519	0.073025	0.272884	0.083999	0.840542	1.295600	0.988782	0.148637	1.074320	0.081366	5.493500	1.346855	0.172685	0.814374	0.508551	0.008854	0.112842	0.971962	35.500542	19.722523	0.216447
283	73257	0.004519	0.073025	0.272884	0.083999	0.840542	1.295600	0.988782	0.148637	1.074320	0.081366	5.493500	1.346855	0.172685	0.814374	0.508551	0.008854	0.112842	0.971962	35.500542	19.722523	0.216447
284	73257	0.004519	0.073025	0.272884	0.083999	0.840542	1.295600	0.988782	0.148637	1.074320	0.081366	5.493500	1.346855	0.172685	0.814374	0.508551	0.008854	0.112842	0.971962	35.500542	19.722523	0.216447
285	73257	0.004519	0.073025	0.272884	0.083999	0.840542	1.295600	0.988782	0.148637	1.074320	0.081366	5.493500	1.346855	0.172685	0.814374	0.508551	0.008854	0.112842	0.971962	35.500542	19.722523	0.216447
286	73257	0.004519	0.073025	0.272884	0.083999	0.840542	1.295600	0.988782	0.148637	1.074320	0.081366	5.493500	1.346855	0.172685	0.814374	0.508551	0.008854	0.112842	0.971962	35.500542	19.722523	0.216447
287	73257	0.004519	0.073025	0.272884	0.083999	0.840542	1.295600	0.988782	0.148637	1.074320	0.081366	5.493500	1.346855	0.172685	0.814374	0.508551	0.008854	0.112842	0.971962	35.500542	19.722523	0.216447
288	73257	0.004519	0.073025	0.272884	0.083999	0.840542	1.295600	0.988782	0.148637	1.074320	0.081366	5.493500	1.346855	0.172685	0.814374	0.508551	0.008854	0.112842	0.971962	35.500542	19.722523	0.216447
289	73257	0.004519	0.073025	0.272884	0.083999	0.840542	1.295600	0.988782	0.148637	1.074320	0.081366	5.493500	1.346855	0.172685	0.814374	0.508551	0.008854	0.112842	0.971962	35.500542	19.722523	0.216447
290	73257	0.004519	0.073025	0.272884	0.083999	0.840542	1.295600	0.988782	0.148637	1.074320	0.081366	5.493500	1.346855	0.172685	0.814374	0.508551	0.008854	0.112842	0.971962	35.500542	19.722523	0.216447
291	73257	0.004519	0.073025	0.272884	0.083999	0.840542	1.295600	0.988782	0.148637	1.074320	0.081366	5.493500	1.346855	0.172685	0.814374	0.508551	0.008854	0.112842	0.971962	35.500542	19.722523	0.216447
292	73257	0.004519	0.073025	0.272884	0.083999	0.840542	1.295600	0.988782	0.148637	1.074320	0.081366	5.493500	1.346855	0.172685	0.814374	0.508551	0.008854	0.112842	0.971962	35.500542	19.722523	0.216447
293	73257	0.004519	0.073025	0.272884	0.083999	0.840542	1.295600	0.988782	0.148637	1.074320	0.081366	5.493500	1.346855	0.172685	0.814374	0.508551	0.008854	0.112842	0.971962	35.500542	19.722523	0.216447
294	73257	0.004519	0.073025	0.272884	0.083999	0.840542	1.295600	0.988782	0.148637	1.074320	0.081366	5.493500	1.346855	0.172685	0.814374	0.508551	0.008854	0.112842	0.971962	35.500542	19.722523	0.216447
295	73257	0.004519	0.073025	0.272884	0.083999	0.840542	1.295600	0.988782	0.148637	1.074320	0.081366	5.493500	1.346855	0.172685	0.814374	0.508551	0.008854	0.112842	0.971962	35.500542	19.722523	0.216447
296	73257	0.004519	0.073025	0.272884	0.083999	0.840542	1.295600	0.988782	0.148637	1.074320	0.081366	5.493500	1.346855	0.172685	0.814374	0.508551	0.008854	0.112842	0.971962	35.500542	19.722523	0.216447
297	73257	0.004519	0.073025	0.272884	0.083999	0.840542	1.295600	0.988782	0.148637	1.074320	0.081366	5.493500	1.346855	0.172685	0.814374	0.508551	0.008854	0.112842	0.971962	35.500542	19.722523	0.216447
298	73257	0.004519	0.073025	0.272884	0.083999	0.840542	1.295600	0.988782	0.148637	1.074320	0.081366	5.493500	1.346855	0.172685	0.814374	0.508551	0.008854	0.112842	0.971962	35.500542	19.722523	0.216447
299	73257	0.004519	0.073025	0.272884	0.083999	0.840542	1.295600	0.988782	0.148637	1.074320	0.081366	5.493500	1.346855	0.172685	0.814374	0.508551	0.008854	0.112842	0.971962	35.500542	19.722523	0.216447
300	73257	0.004519	0.073025	0.272884	0.083999	0.840542	1.295600	0.988782	0.148637	1.074320	0.081366	5.493500	1.346855	0.172685	0.814374	0.508551	0.008854	0.112842	0.971962	35.500542	19.722523	0.216447
301	73257	0.004519	0.073025	0.272884	0.083999	0.840542	1.295600	0.988782	0.148637	1.074320	0.081366	5.493500	1.346855	0.172685	0.814374	0.508551	0.008854	0.112842	0.971962	35.500542	19.722523	0.216447
302	73257	0.004519	0.073025	0.272884	0.083999	0.840542	1.295600	0.988782	0.148637	1.074320	0.081366	5.493500	1.346855	0.172685	0.814374	0.508551	0.008854	0.112842	0.971962	35.500542	19.722523	0.216447
303	73257	0.004519	0.073025	0.272884	0.083999	0.840542	1.295600	0.988782	0.148637	1.074320	0.081366	5.493500	1.346855	0.172685	0.814374	0.508551	0.008854	0.112842	0.971962	35.500542	19.722523	0.216447
304	73257	0.004519	0.073025	0.272884	0.083999	0.840542	1.295600	0.988782	0.148637	1.074320	0.081366	5.493500	1.346855	0.172685	0.814374	0.508551	0.008854	0.112842	0.971962	35.500542	19.722523	0.216447
305	73257	0.004519	0.073025	0.272884	0.083999	0.840542	1.295600	0.988782	0.148637	1.074320	0.081366	5.493500	1.346855	0.172685	0.814374	0.508551	0.008854	0.112842	0.971962	35.500542	19.722523	0.216447
306	73257	0.004519	0.073025	0.272884	0.083999	0.840542	1.295600	0.988782	0.148637	1.074320	0.081366	5.493500	1.346855	0.172685	0.814374	0.508551	0.008854	0.112842	0.971962	35.500542	19.722523	0.216447
307	73257	0.004519	0.073025	0.272884	0.083999	0.840542	1.295600	0.988782	0.148637	1.074320	0.081366	5.493500	1.346855	0.172685	0.814374	0.508551	0.008854	0.112842	0.971962	35.500542	19.722523	0.216447
308	73257	0.004519	0.073025	0.272884	0.083999	0.840542	1.295600	0.988782	0.148637	1.074320	0.081366	5.493500	1.346855	0.172685	0.814374	0.508551	0.008854	0.112842	0.971962	35.500542	19.722523	0.216447
309	73257	0.004519	0.073025	0.272884	0.083999	0.840542	1.295600	0.988782	0.148637	1.074320	0.081366	5.493500	1.346855	0.172685	0.814374	0.508551	0.008854	0.112842	0.971962	35.500542	19.722523	0.216447
310	73257	0.004519	0.073025	0.272884	0.083999	0.840542	1.295600	0.988782	0.148637	1.074320	0.081366	5.493500	1.346855	0.172685	0.814374	0.508551	0.008854	0.112842	0.971962	35.500542	19.722523	0.216447
311	73257	0.004519	0.073025	0.272884	0.083999	0.840542	1.295600	0.988782	0.148637	1.074320	0.081366	5.493500	1.346855	0.172685	0.814374	0.508551	0.008854	0.112842	0.971962	35.500542	19.722523	0.216447
312	73257	0.004519	0.073025	0.272884	0.083999	0.840542	1.295600	0.988782	0.148637	1.074320	0.081366	5.493500	1.346855	0.172685	0.814374	0.508551	0.008854	0.112842	0.971962	35.500542	19.722523	0.216447
313	73257	0.004519	0.073025	0.272884	0.083999	0.840542	1.295600	0.988782	0.148637	1.074320	0.081366	5.493500	1.346855	0.172685	0.814374	0.508551	0.008854	0.112842	0.971962	35.500542	19.722523	0.216447
314	73257	0.004519	0.073025	0.272884	0.083999	0.840542	1.295600	0.988782	0.148637	1.074320	0.081366	5.493500	1.346855	0.172685	0.814374	0.508551	0.008854	0.112842	0.971962	35.500542	19.722523	0.216447
315	73257	0.004519	0.073025	0.272884	0.083999	0.840542	1.295600	0.988782	0.148637	1.074320	0.081366	5.493500	1.346855	0.172685	0.814374	0.508551	0.008854	0.112842	0.971962	35.500542	19.722523	0.216447
316	73257	0.004519	0.073025	0.272884	0.083999	0.840542	1.295600	0.988782	0.148637	1.074320	0.081366	5.493500	1.346855	0.172685	0.814374	0.508551	0.008854	0.112842	0.971962	35.500542	19.722523	0.216447
317	73257	0.004519	0.073025	0.272884	0.083999	0.840542	1.295600	0.988782	0.148637	1.074320	0.081366	5.493500	1.346855	0.172685	0.814374	0.508551	0.008854	0.112842	0.971962	35.500542	19.722523	0.216447
318	73257	0.004519	0.073025	0.272884	0.083999	0.840542	1.295600	0.988782	0.148637	1.074320	0.081366	5.493500	1.346855	0.172685	0.814374	0.508551	0.008854	0.112842	0.971962	35.500542	19.722523	0.216447
319	73257	0.004519	0.073025	0.272884	0.083999	0.840542	1.295600	0.988782	0.148637	1.074320	0.081366	5.493500	1.346855	0.172685	0.814374	0.508551	0.008854	0.112842	0.971962	35.500542	19.722523	0.216447
320	73257	0.004519	0.073025	0.272884	0.083999	0.840542	1.295600	0.988782	0.148637	1.074320	0.081366	5.493500	1.346855	0.172685	0.814374	0.508551	0.008854	0.112842	0.971962	35.500542	19.722523	0.216447
321	73257	0.004519	0.073025	0.272884	0.083999	0.840542	1.295600	0.988782	0.148637	1.074320	0.081366	5.493500	1.346855	0.172685	0.814374	0.508551	0.008854	0.112842	0.971962	35.500542	19.722523	0.216447
322	73257	0.004519	0.073025	0.272884	0.083999	0.840542	1.295600	0.988782	0.148637	1.074320	0.081366	5.493500	1.346855	0.172685	0.814374	0.508551	0.008854	0.112842	0.971962	35.500542	19.722523	0.216447
323	73257	0.004519	0.073025	0.272884	0.083999	0.840542	1.295600	0.988782	0.148637	1.074320	0.081366	5.493500	1.346855	0.172685	0.814374	0.508551	0.008854	0.112842	0.971962	35.500542	19.722523	0.216447
324	73257	0.004519	0.073025	0.272884	0.083999	0.840542	1.295600	0.988782	0.148637	1.074320	0.081366	5.493500	1.346855	0.172685	0.814374	0.508551	0.008854	0.112842	0.971962	35.500542	19.722523	0.216447
325	73257	0.004519	0.073025	0.272884	0.083999	0.840542	1.295600	0.988782	0.148637	1.074320	0.081366	5.493500	1.346855	0.172685	0.814374	0.508551	0.008854	0.112842	0.971962	35.500542	19.722523	0.216447
326	73257	0.004519	0.073025	0.272884	0.083999	0.840542	1.295600	0.988782	0.148637	1.074320	0.081366	5.493500	1.346855	0.172685	0.814374	0.508551	0.008854	0.112842	0.971962	35.500542	19.722523	0.216447
327	73257	0.004519	0.073025	0.272884	0.083999	0.840542	1.295600	0.988782	0.148637	1.074320	0.081366	5.493500	1.346855	0.172685	0.814374	0.508551	0.008854	0.112842	0.971962	35.500542	19.722523	0.216447
328	73257	0.004519	0.073025	0.272884	0.083999	0.840542	1.295600	0.988782	0.148637	1.074320	0.081366	5.493500	1.346855	0.172685	0.814374	0.508551	0.008854	0.112842	0.971962	35.500542	19.722523	0.216447
329	73257	0.004519	0.073025	0.272884	0.083999	0.840542	1.295600	0.988782	0.148637	1.074320	0.081366	5.493500	1.346855	0.172685	0.814374	0.508551	0.008854	0.112842	0.971962	35.500542	19.722523	0.216447
330	73257	0.004519	0.073025	0.272884	0.083999	0.840542	1.295600	0.988782	0.148637	1.074320	0.081366	5.493500	1.346855	0.172685	0.814374	0.508551	0.008854	0.112842	0.971962	35.500542	19.722523	0.216447
331	73257	0.004519	0.073025	0.272884	0.083999	0.840542	1.295600	0.988782	0.148637	1.074320	0.081366	5.493500	1.346855	0.172685	0.814374	0.508551	0.008854	0.112842	0.971962	35.500542	19.722523	0.216447
332	73257	0.004519	0.073025	0.272884	0.083999	0.840542	1.295600	0.988782	0.148637	1.074320	0.081366	5.493500	1.346855	0.172685	0.814374	0.508551	0.008854	0.112842	0.971962	35.500542	19.722523	0.216447
333	73257	0.004519	0.073025	0.272884	0.083999	0.840542	1.295600	0.988782	0.148637	1.074320	0.081366	5.493500	1.346855	0.172685	0.814374	0.508551	0.008854	0.112842	0.971962	35.500542	19.722523	0.216447
334	73257	0.004519	0.073025	0.272884	0.083999	0.840542	1.295600	0.988782	0.148637	1.074320	0.081366	5.493500	1.346855	0.172685	0.814374	0.508551	0.008854	0.112842	0.971962	35.500542	19.722523	0.216447
335	73257	0.004519	0.073025	0.272884	0.083999	0.840542	1.295600	0.988782	0.148637	1.074320	0.081366	5.493500	1.346855	0.172685	0.814374	0.508551	0.008854	0.112842	0.971962	35.500542	19.722523	0.216447
336	73257	0.004519	0.073025	0.272884	0.083999	0.840542	1.295600	0.988782	0.148637	1.074320	0.081366	5.493500	1.346855	0.172685	0.814374	0.508551	0.008854	0.112842	0.971962	35.500542	19.722523	0.216447
337	73257	0.004519	0.073025	0.272884	0.083999	0.840542	1.295600	0.988782	0.148637	1.074320	0.081366	5.493500	1.346855	0.172685	0.814374	0.508551	0.008854	0.112842	0.971962	35.500542	19.722523	0.216447
338	73257	0.004519	0.073025	0.272884	0.083999	0.840542	1.295600	0.988782	0.148637	1.074320	0.081366	5.493500	1.346855	0.172685	0.814374	0.508551	0.008854	0.112842	0.971962	35.500542	19.722523	0.216447
339	73257	0.004519	0.073025	0.272884	0.083999	0.840542	1.295600	0.988782	0.148637	1.074320	0.081366	5.493500	1.346855	0.172685	0.814374	0.508551	0.008854	0.112842	0.971962	35.500542	19.722523	0.216447
340	73257	0.004519	0.073025	0.272884	0.083999	0.840542	1.295600	0.988782	0.148637	1.074320	0.081366	5.493500	1.346855	0.172685	0.814374	0.508551	0.008854	0.112842	0.971962	35.500542	19.722523	0.216447
341	73257	0.004519	0.073025	0.272884	0.083999	0.840542	1.295600	0.988782	0.148637	1.074320	0.081366	5.493500	1.346855	0.172685	0.814374	0.508551	0.008854	0.112842	0.971962	35.500542	19.722523	0.216447
342	73257	0.004519	0.073025	0.272884	0.083999	0.840542	1.295600	0.988782	0.148637	1.074320	0.081366	5.493500	1.346855	0.172685	0.814374	0.508551	0.008854	0.112842	0.971962	35.500542	19.722523	0.216447
343	73257	0.004519	0.073025	0.272884	0.083999	0.840542	1.295600	0.988782	0.148637	1.074320	0.081366	5.493500	1.346855	0.172685	0.814374	0.508551	0.008854	0.112842	0.971962	35.500542	19.722523	0.216447
344	73257	0.004519	0.073025	0.272884	0.083999	0.840542	1.295600	0.988782	0.148637	1.074320	0.081366	5.493500	1.346855	0.172685	0.814374	0.508551	0.008854	0.112842	0.971962	35.500542	19.722523	0.216447
345	73257	0.004519	0.073025	0.272884	0.083999	0.840542	1.295600	0.988782	0.148637	1.074320	0.081366	5.493500	1.346855	0.172685	0.814374	0.508551	0.008854	0.112842	0.971962	35.500542	19.722523	0.216447
346	73257	0.004519	0.073025	0.272884	0.083999	0.840542	1.295600	0.988782	0.148637	1.074320	0.081366	5.493500	1.346855	0.172685	0.814374	0.508551	0.008854	0.112842	0.971962	35.500542	19.722523	0.216447
347	73257	0.004519	0.073025	0.272884	0.083999	0.840542	1.295600	0.988782	0.148637	1.074320	0.081366	5.493500	1.346855	0.172685	0.814374	0.508551	0.008854	0.112842	0.971962	35.500542	19.722523	0.216447
348	73257	0.004519	0.073025	0.272884	0.083999	0.840542	1.295600	0.988782	0.148637	1.074320	0.081366	5.493500	1.346855	0.172685	0.814374	0.508551	0.008854	0.112842	0.971962	35.500542	19.722523	0.216447
349	73257	0.004519	0.073025	0.272884	0.083999	0.840542	1.295600	0.988782	0.148637	1.074320	0.081366	5.493500	1.346855	0.172685	0.814374	0.508551	0.008854	0.112842	0.971962	35.500542	19.722523	0.216447
350	73257	0.004519	0.073025	0.272884	0.083999	0.840542	1.295600	0.988782	0.148637	1.074320	0.081366	5.493500	1.346855	0.172685	0.814374	0.508551	0.008854	0.112842	0.971962	35.500542	19.722523	0.216447
351	73257	0.004519	0.073025	0.272884	0.083999	0.840542	1.295600	0.988782	0.148637	1.074320	0.081366	5.493500	1.346855	0.172685	0.814374	0.508551	0.008854	0.112842	0.971962	35.500542	19.722523	0.216447
352	73257	0.004519	0.073025	0.272884	0.083999	0.840542	1.295600	0.988782	0.148637	1.074320	0.081366	5.493500	1.346855	0.172685	0.814374	0.508551	0.008854	0.112842	0.971962	35.500542	19.722523	0.216447
353	73257	0.004519	0.073025	0.272884	0.083999	0.840542	1.295600	0.988782	0.148637	1.074320	0.081366	5.493500	1.346855	0.172685	0.814374	0.508551	0.008854	0.112842	0.971962	35.500542	19.722523	0.216447
354	73257	0.004519	0.073025	0.272884	0.083999	0.840542	1.295600	0.988782	0.148637	1.074320	0.081366	5.493500	1.346855	0.172685	0.814374	0.508551	0.008854	0.112842	0.971962	35.500542	19.722523	0.216447
355	73257	0.004519	0.073025	0.272884	0.083999	0.840542	1.295600	0.988782	0.148637	1.074320	0.081366	5.493500	1.346855	0.172685	0.814374	0.508551	0.008854	0.112842	0.971962	35.500542	19.722523	0.216447
356	73257	0.004519	0.073025	0.272884	0.083999	0.840542	1.295600	0.988782	0.148637	1.074320	0.081366	5.493500	1.346855	0.172685	0.814374	0.508551	0.008854	0.112842	0.971962	35.500542	19.722523	0.216447
357	73257	0.004519	0.073025	0.272884	0.083999	0.840542	1.295600	0.988782	0.148637	1.074320	0.081366	5.493500	1.346855	0.172685	0.814374	0.508551	0.008854	0.112842	0.971962	35.500542	19.722523	0.216447
358	73257	0.004519	0.073025	0.272884	0.083999	0.840542	1.295600	0.988782	0.148637	1.074320	0.081366	5.493500	1.346855	0.172685	0.814374	0.508551	0.008854	0.112842	0.971962	35.500542	19.722523	0.216447
359	73257	0.004519	0.073025	0.272884	0.083999	0.840542	1.295600	0.988782	0.148637	1.074320	0.081366	5.493500	1.346855	0.172685	0.814374	0.508551	0.008854	0.112842	0.971962	35.500542	19.722523	0.216447
360	73257	0.004519	0.073025	0.272884	0.083999	0.840542	1.295600	0.988782	0.148637	1.074320	0.081366	5.493500	1.346855	0.172685	0.814374	0.508551	0.008854	0.112842	0.971962	35.500542	19.722523	0.216447
361	73257	0.004519	0.073025	0.272884	0.083999	0.840542	1.295600	0.988782	0.148637	1.074320	0.081366	5.493500	1.346855	0.172685	0.814374	0.508551	0.008854	0.112842	0.971962	35.500542	19.722523	0.216447
362	73257	0.004519	0.073025	0.272884	0.083999	0.840542	1.295600	0.988782	0.148637	1.074320	0.081366	5.493500	1.346855	0.172685	0.814374	0.508551	0.008854	0.112842	0.971962	35.500542	19.722523	0.216447
363	73257	0.004519	0.073025	0.272884	0.083999	0.840542	1.295600	0.988782	0.148637	1.074320	0.081366	5.493500	1.346855	0.172685	0.814374	0.508551	0.008854	0.112842	0.971962	35.500542	19.722523	0.216447
364	73257	0.004519	0.073025	0.272884	0.083999	0.840542	1.295600	0.988782	0.148637	1.074320	0.081366	5.493500	1.346855	0.172685	0.814374	0.508551	0.008854	0.112842	0.971962	35.500542	19.722523	0.216447
365	73257	0.004519	0.073025	0.272884	0.083999	0.840542	1.295600	0.988782	0.148637	1.074320	0.081366	5.493500	1.346855	0.172685	0.814374	0.508551	0.008854	0.112842	0.971962	35.500542	19.722523	0.216447
366	73257	0.004519	0.073025	0.272884	0.083999	0.840542	1.295600	0.988782	0.148637	1.074320	0.081366	5.493500	1.346855	0.172685	0.814374	0.508551	0.008854	0.112842	0.971962	35.500542	19.722523	0.216447
367	73257	0.004519	0.073025	0.272884	0.083999	0.840542	1.295600	0.988782	0.148637	1.074320	0.081366	5.493500	1.346855	0.172685	0.814374	0.508551	0.008854	0.112842	0.971962	35.500542	19.722523	0.216447
368	73257	0.004519	0.073025	0.272884	0.083999	0.840542	1.295600	0.988782	0.148637	1.074320	0.081366	5.493500	1.346855	0.172685	0.814374	0.508551	0.008854	0.112842	0.971962	35.500542	19.722523	0.216447
369	73257	0.004519	0.073025	0.272884	0.083999	0.840542	1.295600	0.988782	0.148637	1.074320	0.081366	5.493500	1.346855	0.172685	0.814374	0.508551	0.008854	0.112842	0.971962	35.500542	19.722523	0.216447
370	73257	0.004519	0.073025	0.272884	0.083999	0.840542	1.295600	0.988782	0.148637	1.074320	0.081366	5.493500	1.346855	0.172685	0.814374	0.508551	0.008854	0.112842	0.971962	35.500542	19.722523	0.216447
371	73257	0.004519	0.073025	0.272884	0.083999	0.840542	1.295600	0.988782	0.148637	1.074320	0.081366	5.493500	1.346855	0.172685	0.814374	0.508551	0.008854	0.112842	0.971962	35.500542	19.722523	0.216447
372	73257	0.004519	0.073025	0.272884	0.083999	0.840542	1.295600	0.988782	0.148637	1.074320	0.081366	5.493500	1.346855	0.172685	0.814374	0.508551	0.008854	0.112842	0.971962	35.500542	19.722523	0.216447
373	73257	0.004519	0.073025	0.272884	0.083999	0.840542	1.295600	0.988782	0.148637	1.074320	0.081366	5.493500	1.346855	0.172685	0.814374	0.508551	0.008854	0.112842	0.971962	35.500542	19.722523	0.216447
374	73257	0.004519	0.073025	0.272884	0.083999	0.840542	1.295600	0.988782	0.148637	1.074320	0.081366	5.493500	1.346855	0.172685	0.814374	0.508551	0.008854	0.112842	0.971962	35.500542	19.722523	0.216447
375	73257	0.004519	0.073025	0.272884	0.083999	0.840542	1.295600	0.988782	0.148637	1.074320	0.081366	5.493500	1.346855	0.172685	0.814374	0.508551	0.008854	0.112842	0.971962	35.500542	19.722523	0.216447
376	73257	0.004519	0.073025	0.272884	0.083999	0.840542	1.295600	0.988782	0.148637	1.074320	0.081366	5.493500	1.346855	0.172685	0.814374	0.508551	0.008854	0.112842	0.971962	35.500542	19.722523	0.216447
377	73257	0.004519	0.073025	0.272884	0.083999	0.840542	1.295600	0.988782	0.148637	1.074320	0.081366	5.493500	1.346855	0.172685	0.814374	0.508551	0.008854	0.112842	0.971962	35.500542	19.722523	0.216447
378	73257	0.004519	0.073025	0.272884	0.083999	0.840542	1.295600	0.988782	0.148637	1.074320	0.081366	5.493500	1.346855	0.172685	0.814374	0.508551	0.008854	0.112842	0.971962	35.500542	19.722523	0.216447
379	73257	0.004519	0.073025	0.272884	0.083999	0.840542	1.295600	0.988782	0.148637	1.074320	0.081366	5.493500	1.346855	0.172685	0.814374	0.508551	0.008854	0.112842	0.971962	35.500542	19.722523	0.216447
380	73257	0.004519	0.073025	0.272884	0.083999	0.840542	1.295600	0.988782	0.148637	1.074320	0.081366	5.493500	1.346855	0.172685	0.814374	0.508551	0.008854	0.112842	0.971962	35.500542	19.722523	0.216447
381	73257	0.004519	0.073025	0.272884	0.083999	0.840542	1.295600	0.988782	0.148637	1.074320	0.081366	5.493500	1.346855	0.172685	0.814374	0.508551	0.008854	0.112842	0.971962	35.500542	19.722523	0.216447
382	73257	0.004519	0.073025	0.272884	0.083999	0.840542	1.295600	0.988782	0.148637	1.074320	0.081366	5.493500	1.346855	0.172685	0.814374	0.508551	0.008854	0.112842	0.971962	35.500542	19.722523	0.216447
383	73257	0.004519	0.073025	0.272884	0.083999	0.840542	1.295600	0.988782	0.148637	1.074320	0.081366	5.493500	1.346855	0.172685	0.814374	0.508551	0.008854	0.112842	0.971962	35.500542	19.722523	0.216447
384	73257	0.004519	0.073025	0.272884	0.083999	0.840542	1.295600	0.988782	0.148637	1.074320	0.081366	5.493500	1.346855	0.172685	0.814374	0.508551	0.008854	0.112842	0.971962	35.500542	19.722523	0.216447
385	73257	0.004519	0.073025	0.272884	0.083999	0.840542	1.295600	0.988782	0.148637	1.074320	0.081366	5.493500	1.346855	0.172685	0.814374	0.508551	0.008854	0.112842	0.971962	35.500542	19.722523	0.216447
386	73257	0.004519	0.073025	0.272884	0.083999	0.840542	1.295600	0.988782	0.148637	1.074320	0.081366	5.493500	1.346855	0.172685	0.814374	0.508551	0.008854	0.112842	0.971962	35.500542	19.722523	0.216447
387	73257	0.004519	0.073025	0.272884	0.083999	0.840542	1.295600	0.988782	0.148637	1.074320	0.081366	5.493500	1.346855	0.172685	0.814374	0.508551	0.008854	0.112842	0.971962	35.500542	19.722523	0.216447
388	73257	0.004519	0.073025	0.272884	0.083999	0.840542	1.295600	0.988782	0.148637	1.074320	0.081366	5.493500	1.346855	0.172685	0.814374	0.508551	0.008854	0.112842	0.971962	35.500542	19.722523	0.216447
389	73257	0.004519	0.073025	0.272884	0.083999	0.840542	1.295600	0.988782	0.148637	1.074320	0.081366	5.493500	1.346855	0.172685	0.814374	0.508551	0.008854	0.112842	0.971962	35.500542	19.722523	0.216447
390	73257	0.004519	0.073025	0.272884	0.083999	0.840542	1.295600	0.988782	0.148637	1.074320	0.081366	5.493500	1.346855	0.172685	0.814374	0.508551	0.008854	0.112842	0.971962	35.500542	19.722523	0.216447
391	73257	0.004519	0.073025	0.272884	0.083999	0.840542	1.295600	0.988782	0.148637	1.074320	0.081366	5.493500	1.346855	0.172685	0.814374	0.508551	0.008854	0.112842	0.971962	35.500542	19.722523	0.216447
392	73257	0.004519	0.073025	0.272884	0.083999	0.840542	1.295600	0.988782	0.148637	1.074320	0.081366	5.493500	1.346855	0.172685	0.814374	0.508551	0.008854	0.112842	0.971962	35.500542	19.722523	0.216447
393	73257	0.004519	0.073025	0.272884	0.083999	0.840542	1.295600	0.988782	0.148637	1.074320	0.081366	5.493500	1.346855	0.172685	0.814374	0.508551	0.008854	0.112842	0.971962	35.500542	19.722523	0.216447
394	73257	0.004519	0.073025	0.272884	0.083999	0.840542	1.295600	0.988782	0.148637	1.074320	0.081366	5.493500	1.346855	0.172685	0.814374	0.508551	0.008854	0.112842	0.971962	35.500542	19.722523	0.216447
395	73257	0.004519	0.073025	0.272884	0.083999	0.840542	1.295600	0.988782	0.148637	1.074320	0.081366	5.493500	1.346855	0.172685	0.814374	0.508551	0.008854	0.112842	0.971962	35.500542	19.722523	0.216447
396	73257	0.004519	0.073025	0.272884	0.083999	0.840542	1.295600	0.988782	0.148637	1.074320	0.081366	5.493500	1.346855	0.172685	0.814374	0.508551	0.008854	0.112842	0.971962	35.500542	19.722523	0.216447
397	73257	0.004519	0.073025	0.272884	0.083999	0.840542	1.295600	0.988782	0.148637	1.074320	0.081366	5.493500	1.346855	0.172685	0.814374	0.508551	0.008854	0.112842	0.971962	35.500542	19.722523	0.216447
398	73257	0.004519	0.073025	0.272884	0.083999	0.840542	1.295600	0.988782	0.148637	1.074320	0.081366	5.493500	1.346855	0.172685	0.814374	0.508551	0.008854	0.112842	0.971962	35.500542	19.722523	0.216447
399	73257	0.004519	0.073025	0.272884	0.083999	0.840542	1.295600	0.988782	0.148637	1.074320	0.081366	5.493500	1.346855	0.172685	0.814374	0.508551	0.008854	0.112842	0.971962	35.500542	19.722523	0.216447
400	73257	0.004519	0.073025	0.272884	0.083999	0.840542	1.295600	0.988782	0.148637	1.074320	0.081366	5.493500	1.346855	0.172685	0.814374	0.508551	0.008854	0.112842	0.971962	35.500542	19.722523	0.216447
401	73257	0.004519	0.073025	0.272884	0.083999	0.840542	1.295600	0.988782	0.148637	1.074320	0.081366	5.493500	1.346855	0.172685	0.814374	0.508551	0.008854	0.112842	0.971962	35.500542	19.722523	0.216447
402	73257	0.004519	0.073025	0.272884	0.083999	0.840542	1.295600	0.988782	0.148637	1.074320	0.081366	5.493500	1.346855	0.172685	0.814374	0.508551	0.008854	0.112842	0.971962	35.500542	19.722523	0.216447
403	73257	0.004519	0.073025	0.272884	0.083999	0.840542	1.295600	0.988782	0.148637	1.074320	0.081366	5.493500	1.346855	0.172685	0.814374	0.508551	0.008854	0.112842	0.971962	35.500542	19.722523	0.216447
404	73257	0.004519	0.073025	0.272884	0.083999	0.840542	1.295600	0.988782	0.148637	1.074320	0.081366	5.493500	1.346855	0.172685	0.814374	0.508551	0.008854	0.112842	0.971962	35.500542	19.722523	0.216447
405	73257	0.004519	0.073025	0.272884	0.083999	0.840542	1.295600	0.988782	0.148637	1.074320	0.081366	5.493500	1.346855	0.172685	0.814374	0.508551	0.008854	0.112842	0.971962	35.500542	19.722523	0.216447
406	73257	0.004519	0.073025	0.272884	0.083999	0.840542	1.295600	0.988782	0.148637	1.074320	0.081366	5.493500	1.346855	0.172685	0.814374	0.508551	0.008854	0.112842	0.971962	35.500542	19.722523	0.216447
407	73257	0.004519	0.073025	0.272884	0.083999	0.840542	1.295600	0.988782	0.148637	1.074320	0.081366	5.493500	1.346855	0.172685	0.814374	0.508551	0.008854	0.112842	0.971962	35.500542	19.722523	0.216447
408	73257	0.004519	0.073025	0.272884	0.083999	0.840542	1.295600	0.988782	0.148637	1.074320	0.081366	5.493500	1.346855	0.172685	0.814374	0.508551	0.008854	0.112842	0.971962	35.500542	19.722523	0.216447
409	73257	0.004519	0.073025	0.272884	0.083999	0.840542	1.295600	0.988782	0.148637	1.074320	0.081366	5.493500	1.346855	0.172685	0.814374	0.508551	0.008854	0.112842	0.971962	35.500542	19.722523	0.216447
410	73257	0.004519	0.073025	0.272884	0.083999	0.840542	1.295600	0.988782	0.148637	1.074320	0.081366	5.493500	1.346855	0.172685	0.814374	0.508551	0.008854	0.112842	0.971962	35.500542	19.722523	0.216447
411	73257	0.004519	0.073025	0.272884	0.083999	0.840542	1.295600	0.988782	0.148637	1.074320	0.081366	5.493500	1.346855	0.172685	0.814374	0.508551	0.008854	0.112842	0.971962	35.500542	19.722523	0.216447
412	73257	0.004519	0.073025	0.272884	0.083999	0.840542	1.295600	0.988782	0.148637	1.074320	0.081366	5.493500	1.346855	0.172685	0.814374	0.508551	0.008854	0.112842	0.971962	35.500542	19.722523	0.216447
413	73257	0.004519	0.073025	0.272884	0.083999	0.840542	1.295600	0.988782	0.148637	1.074320	0.081366	5.493500	1.346855	0.172685	0.814374	0.508551	0.008854	0.112842	0.971962	35.500542	19.722523	0.216447
414	73257	0.004519	0.073025	0.272884	0.083999	0.840542	1.295600	0.988782	0.148637	1.074320	0.081366	5.493500	1.346855	0.172685	0.814374	0.508551	0.008854	0.112842	0.971962	35.500542	19.722523	0.216447
415	73257	0.004519	0.073025	0.272884	0.083999	0.840542	1.295600	0.988782	0.148637	1.074320	0.081366	5.493500	1.346855	0.172685	0.814374	0.508551	0.008854	0.112842	0.971962	35.500542	19.722523	0.216447
416	73257	0.004519	0.073025	0.272884	0.083999	0.840542	1.295600	0.988782	0.148637	1.074320	0.081366	5.493500	1.346855	0.172685	0.814374	0.508551	0.008854	0.112842	0.971962	35.500542	19.722523	0.216447
417	73257	0.004519	0.073025	0.272884	0.083999	0.840542	1.295600	0.988782	0.148637	1.074320	0.081366	5.493500	1.346855	0.172685	0.814374	0.508551	0.008854	0.112842	0.971962	35.500542	19.722523	0.216447
418	73257	0.004519	0.073025	0.272884	0.083999	0.840542	1.295600	0.988782	0.148637	1.074320	0.081366	5.493500	1.346855	0.172685	0.814374	0.508551	0.008854	0.112842	0.971962	35.500542	19.722523	0.216447
419	73257	0.004519	0.073025	0.272884	0.083999	0.840542	1.295600	0.988782	0.148637	1.074320	0.081366	5.493500	1.346855	0.172685	0.814374	0.508551	0.008854	0.112842	0.971962	35.500542	19.722523	0.216447
420	73257	0.004519	0.073025	0.272884	0.083999	0.840542	1.295600	0.988782	0.148637	1.074320	0.081366	5.493500	1.346855	0.172685	0.814374	0.508551	0.008854	0.112842	0.971962	35.500542	19.722523	0.216447
421	73257	0.004519	0.073025	0.272884	0.083999	0.840542	1.295600	0.988782	0.148637	1.074320	0.081366	5.493500	1.346855	0.172685	0.814374	0.508551	0.008854	0.112842	0.971962	35.500542	19.722523	0.216447
422	73257	0.004519	0.073025	0.272884	0.083999	0.840542	1.295600	0.988782	0.148637	1.074320	0.081366	5.493500	1.346855	0.172685	0.814374	0.508551	0.008854	0.112842	0.971962	35.500542	19.722523	0.216447
423	73257	0.004519	0.073025	0.272884	0.083999	0.840542	1.295600	0.988782	0.148637	1.074320	0.081366	5.493500	1.346855	0.172685	0.814374	0.508551	0.008854	0.112842	0.971962	35.500542	19.722523	0.216447
424	73257	0.004519	0.073025	0.272884	0.083999	0.840542	1.295600	0.988782	0.148637	1.074320	0.081366	5.493500	1.346855	0.172685	0.814374	0.508551	0.008854	0.112842	0.971962	35.500542	19.722523	0.216447
425	73257	0.004519	0.073025	0.272884	0.083999	0.840542	1.295600	0.988782	0.148637	1.074320	0.081366	5.493500	1.346855	0.172685	0.814374	0.508551	0.008854	0.112842	0.971962	35.500542	19.722523	0.216447
426	73257	0.004519	0.073025	0.272884	0.083999	0.840542	1.295600	0.988782	0.148637	1.074320	0.081366	5.493500	1.346855	0.172685	0.814374	0.508551	0.008854	0.112842	0.971962	35.500542	19.722523	0.216447
427	73257	0.004519	0.073025	0.272884	0.083999	0.840542	1.295600	0.988782	0.148637	1.074320	0.081366	5.493500	1.346855	0.172685	0.814374	0.508551	0.008854	0.112842	0.971962	35.500542	19.722523	0.216447
428	73257	0.004519	0.073025	0.272884	0.083999	0.840542	1.295600	0.988782	0.148637	1.074320	0.081366	5.493500	1.346855	0.172685	0.814374	0.508551	0.008854	0.112842	0.971962	35.500542	19.722523	0.216447
429	73257	0.004519	0.073025	0.272884	0.083999	0.840542	1.295600	0.988782	0.148637	1.074320	0.081366	5.493500	1.346855	0.172685	0.814374	0.508551	0.008854	0.112842	0.971962	35.500542	19.722523	0.216447
430	73257	0.004519	0.073025	0.272884	0.083999	0.840542	1.295600	0.988782	0.148637	1.074320	0.081366	5.493500	1.346855	0.172685	0.814374	0.508551	0.008854	0.112842	0.971962	35.500542	19.722523	0.216447
431	73257	0.004519	0.073025	0.272884	0.083999	0.840542	1.295600	0.988782	0.148637	1.074320	0.081366	5.493500	1.346855	0.172685	0.814374	0.508551	0.008854	0.112842	0.971962	35.500542	19.722523	0.216447
432	73257	0.004519	0.073025	0.272884	0.083999	0.840542	1.295600	0.988782	0.148637	1.074320	0.081366	5.493500	1.346855	0.172685	0.814374	0.508551	0.008854	0.112842	0.971962	35.500542	19.722523	0.216447
433	73257	0.004519	0.073025	0.272884	0.083999	0.840542	1.295600	0.988782	0.148637	1.074320	0.081366	5.493500	1.346855	0.172685	0.814374	0.508551	0.008854	0.112842	0.971962	35.500542	19.722523	0.216447
434	73257	0.004519	0.073025	0.272884	0.083999	0.840542	1.295600	0.988782	0.148637	1.074320	0.081366	5.493500	1.346855	0.172685	0.814374	0.508551	0.008854	0.112842	0.971962	35.500542	19.722523	0.216447
435	73257	0.004519	0.073025	0.272884	0.083999	0.840542	1.295600	0.988782	0.148637	1.074320	0.081366	5.493500	1.346855	0.172685	0.814374	0.508551	0.008854	0.112842	0.971962	35.500542	19.722523	0.216447
436	73257	0.004519	0.073025	0.272884	0.083999	0.840542	1.295600	0.988782	0.148637	1.074320	0.081366	5.493500	1.346855	0.172685	0.814374	0.508551	0.008854	0.112842	0.971962	35.500542	19.722523	0.216447
437	73257	0.004519	0.073025	0.272884	0.083999	0.840542	1.295600	0.988782	0.148637	1.074320	0.081366	5.493500	1.346855	0.172685	0.814374	0.508551	0.008854	0.112842	0.971962	35.500542	19.722523	0.216447
438	73257	0.004519	0.073025	0.272884	0.083999	0.840542	1.295600	0.988782	0.148637	1.074320	0.081366	5.493500	1.346855	0.172685	0.814374	0.508551	0.008854	0.112842	0.971962	35.500542	19.722523	0.216447
439	73257	0.004519	0.073025	0.272884	0.083999	0.840542	1.295600	0.988782	0.148637	1.074320	0.081366	5.493500	1.346855	0.172685	0.814374	0.508551	0.008854	0.112842	0.971962	35.500542	19.722523	0.216447
440	73257	0.004519	0.073025	0.272884	0.083999	0.840542	1.295600	0.988782	0.148637	1.074320	0.081366	5.493500	1.346855	0.172685	0.814374	0.508551	0.008854	0.112842	0.971962	35.500542	19.722523	0.216447
441	73257	0.004519	0.073025	0.272884	0.083999	0.840542	1.295600	0.988782	0.148637	1.074320	0.081366	5.493500	1.346855	0.172685	0.814374	0.508551	0.008854	0.112842	0.971962	35.500542	19.722523	0.216447
442	73257	0.004519	0.073025	0.272884	0.083999	0.840542	1.295600	0.988782	0.148637	1.074320	0.081366	5.493500	1.346855	0.172685	0.814374	0.508551	0.008854	0.112842	0.971962	35.500542	19.722523	0.216447
443	73257	0.004519	0.073025	0.272884	0.083999	0.840542	1.295600	0.988782	0.148637	1.074320	0.081366	5.493500	1.346855	0.172685	0.814374	0.508551	0.008854	0.112842	0.971962	35.500542	19.722523	0.216447
444	73257	0.004519	0.073025	0.272884	0.083999	0.840542	1.295600	0.988782	0.148637	1.074320	0.081366	5.493500	1.346855	0.172685	0.814374	0.508551	0.008854	0.112842	0.971962	35.500542	19.722523	0.216447
445	73257	0.004519	0.073025	0.272884	0.083999	0.840542	1.295600	0.988782	0.148637	1.074320	0.081366	5.493500	1.346855	0.172685	0.814374	0.508551	0.008854	0.112842	0.971962	35.500542	19.722523	0.216447
446	73257	0.004519	0.073025	0.272884	0.083999	0.840542	1.295600	0.988782	0.148637	1.074320	0.081366	5.493500	1.346855	0.172685	0.814374	0.508551	0.008854	0.112842	0.971962	35.500542	19.722523	0.216447
447	73257	0.004519	0.073025	0.272884	0.083999	0.840542	1.295600	0.988782	0.148637	1.074320	0.081366	5.493500	1.346855	0.172685	0.814374	0.508551	0.008854	0.112842	0.971962	35.500542	19.722523	0.216447
448	73257	0.004519	0.073025	0.272884	0.083999	0.840542	1.295600	0.988782	0.148637	1.074320	0.081366	5.493500	1.346855	0.172685	0.814374	0.508551	0.008854	0.112842	0.971962	35.500542	19.722523	0.216447
449	73257	0.004519	0.073025	0.272884	0.083999	0.840542	1.295600	0.988782	0.148637	1.074320	0.081366	5.493500	1.346855	0.172685	0.814374	0.508551	0.008854	0.112842	0.971962	35.500542	19.722523	0.216447
450	73257	0.004519	0.073025	0.272884	0.083999	0.840542	1.295600	0.988782	0.148637	1.074320	0.081366	5.493500	1.346855	0.172685	0.814374	0.508551	0.008854	0.112842	0.971962	35.500542	19.722523	0.216447
451	73257	0.004519	0.073025	0.272884	0.083999	0.840542	1.295600	0.988782	0.148637	1.074320	0.081366	5.493500	1.346855	0.172685	0.814374	0.508551	0.008854	0.112842	0.971962	35.500542	19.722523	0.216447
452	73257	0.004519	0.073025	0.272884	0.083999	0.840542	1.295600	0.988782	0.148637	1.074320	0.081366	5.493500	1.346855	0.172685	0.814374	0.508551	0.008854	0.112842	0.971962	35.500542	19.722523	0.216447
453	73257	0.004519	0.073025	0.272884	0.083999	0.840542	1.295600	0.988782	0.148637	1.074320	0.081366	5.493500	1.346855	0.172685	0.814374	0.508551	0.008854	0.112842	0.971962	35.500542	19.722523	0.216447
454	73257	0.004519	0.073025	0.272884	0.083999	0.840542	1.295600	0.988782	0.148637	1.074320	0.081366	5.493500	1.346855	0.172685	0.814374	0.508551	0.008854	0.112842	0.971962	35.500542	19.722523	0.216447
455	73257	0.004519	0.073025	0.272884	0.083999	0.840542	1.295600	0.988782	0.148637	1.074320	0.081366	5.493500	1.346855	0.172685	0.814374	0.508551	0.008854	0.112842	0.971962	35.500542	19.722523	0.216447
456	73257	0.004519	0.073025	0.272884	0.083999	0.840542	1.295600	0.988782	0.148637	1.074320	0.081366	5.493500	1.346855	0.172685	0.814374	0.508551	0.008854	0.112842	0.971962	35.500542	19.722523	0.216447
457	73257	0.004519	0.073025	0.272884	0.083999	0.840542	1.295600	0.988782	0.148637	1.074320	0.081366	5.493500	1.346855	0.172685	0.814374	0.508551	0.008854	0.112842	0.971962	35.500542	19.722523	0.216447
458	73257	0.004519	0.073025	0.272884	0.083999	0.840542	1.295600	0.988782	0.148637	1.074320	0.081366	5.493500	1.346855	0.172685	0.814374	0.508551	0.008854	0.112842	0.971962	35.500542	19.722523	0.216447
459	73257	0.004519	0.073025	0.272884	0.083999	0.840542	1.295600	0.988782	0.148637	1.074320	0.081366	5.493500	1.346855	0.172685	0.814374	0.508551	0.008854	0.112842	0.971962	35.500542	19.722523	0.216447
460	73257	0.004519	0.073025	0.272884	0.083999	0.840542	1.295600	0.988782	0.148637	1.074320	0.081366	5.493500	1.346855	0.172685	0.814374	0.508551	0.008854	0.112842	0.971962	35.500542	19.722523	0.216447
461	73257	0.004519	0.073025	0.272884	0.083999	0.840542	1.295600	0.988782	0.148637	1.074320	0.081366	5.493500	1.346855	0.172685	0.814374	0.508551	0.008854	0.112842	0.971962	35.500542	19.722523	0.216447
462	73257	0.004519	0.073025	0.272884	0.083999	0.840542	1.295600	0.988782	0.148637	1.074320	0.081366	5.493500	1.346855	0.172685	0.814374	0.508551	0.008854	0.112842	0.971962	35.500542	19.722523	0.216447
463	73257	0.004519	0.073025	0.272884	0.083999	0.840542	1.295600	0.988782	0.148637	1.074320	0.081366	5.493500	1.346855	0.172685	0.814374	0.508551	0.008854	0.112842	0.971962	35.500542	19.722523	0.216447
464	73257	0.004519	0.073025	0.272884	0.083999	0.840542	1.295600	0.988782	0.148637	1.074320	0.081366	5.493500	1.346855	0.172685	0.814374	0.508551	0.008854	0.112842	0.971962	35.500542	19.722523	0.216447
465	73257	0.004519	0.073025	0.272884	0.083999	0.840542	1.295600	0.988782	0.148637	1.074320	0.081366	5.493500	1.346855	0.172685	0.814374	0.508551	0.008854	0.112842	0.971962	35.500542	19.722523	0.216447
466	73257	0.004519	0.073025	0.272884	0.083999	0.840542	1.295600	0.988782	0.148637	1.074320	0.081366	5.493500	1.346855	0.172685	0.814374	0.508551	0.008854	0.112842	0.971962	35.500542	19.722523	0.216447
467	73257	0.004519	0.073025	0.272884	0.083999	0.840542	1.295600	0.988782	0.148637	1.074320	0.081366	5.493500	1.346855	0.172685	0.814374	0.508551	0.008854	0.112842	0.971962	35.500542	19.722523	0.216447
468	73257	0.004519	0.073025	0.272884	0.083999	0.840542	1.295600	0.988782	0.148637	1.074320	0.081366	5.493500	1.346855	0.172685	0.814374	0.508551	0.008854	0.112842	0.971962	35.500542	19.722523	0.216447
469	73257	0.004519	0.073025	0.272884	0.083999	0.840542	1.295600	0.988782	0.148637	1.074320	0.081366	5.493500	1.346855	0.172685	0.814374	0.508551	0.008854	0.112842	0.971962	35.500542	19.722523	0.216447
470	73257	0.004519	0.073025	0.272884	0.083999	0.840542	1.295600	0.988782	0.148637	1.074320	0.081366	5.493500	1.346855	0.172685	0.814374	0.508551	0.008854	0.112842	0.971962	35.500542	19.722523	0.216447
471	73257	0.004519	0.073025	0.272884	0.083999	0.840542	1.295600	0.988782	0.148637	1.074320	0.081366	5.493500	1.346855	0.172685	0.814374	0.508551	0.008854	0.112842	0.971962	35.500542	19.722523	0.216447
472	73257	0.004519	0.073025	0.272884	0.083999	0.840542	1.295600	0.988782	0.148637	1.074320	0.081366	5.493500	1.346855	0.172685	0.814374	0.508551	0.008854	0.112842	0.971962	35.500542	19.722523	0.216447
473	73257	0.004519	0.073025	0.272884	0.083999	0.840542	1.295600	0.988782	0.148637	1.074320	0.081366	5.493500	1.346855	0.172685	0.814374	0.508551	0.008854	0.112842	0.971962	35.500542	19.722523	0.216447
474	73257	0.004519	0.073025	0.272884	0.083999	0.840542	1.295600	0.988782	0.148637	1.074320	0.081366	5.493500	1.346855	0.172685	0.814374	0.508551	0.008854	0.112842	0.971962	35.500542	19.722523	0.216447
475	73257	0.004519	0.073025	0.272884	0.083999	0.840542	1.295600	0.988782	0.148637	1.074320	0.081366	5.493500	1.346855	0.172685	0.814374	0.508551	0.008854	0.112842	0.971962	35.500542	19.722523	0.216447
476	73257	0.004519	0.073025	0.272884	0.083999	0.840542	1.295600	0.988782	0.148637	1.074320	0.081366	5.493500	1.346855	0.172685	0.814374	0.508551	0.008854	0.112842	0.971962	35.500542	19.722523	0.216447
477	73257	0.004519	0.073025	0.272884	0.083999	0.840542	1.295600	0.988782	0.148637	1.074320	0.081366	5.493500	1.346855	0.172685	0.814374	0.508551	0.008854	0.112842	0.971962	35.500542	19.722523	0.216447
478	73257	0.004519	0.073025	0.272884	0.083999	0.840542	1.295600	0.988782	0.148637	1.074320	0.081366	5.493500	1.346855	0.172685	0.814374	0.508551	0.008854	0.112842	0.971962	35.500542	19.722523	0.216447
479	73257	0.004519	0.073025	0.272884	0.083999	0.840542	1.295600	0.988782	0.148637	1.074320	0.081366	5.493500	1.346855	0.172685	0.814374	0.508551	0.008854	0.112842	0.971962	35.500542	19.722523	0.216447
480	73257	0.004519	0.073025	0.272884	0.083999	0.840542	1.295600	0.988782	0.148637	1.074320	0.081366	5.493500	1.346855	0.172685	0.814374	0.508551	0.008854	0.112842	0.971962	35.500542	19.722523	0.216447
481	73257	0.004519	0.073025	0.272884	0.083999	0.840542	1.295600	0.988782	0.148637	1.074320	0.081366	5.493500	1.346855	0.172685	0.814374	0.508551	0.008854	0.112842	0.971962	35.500542	19.722523	0.216447
482	73257	0.004519	0.073025	0.272884	0.083999	0.840542	1.295600	0.988782	0.148637	1.074320	0.081366	5.493500	1.346855	0.172685	0.814374	0.508551	0.008854	0.112842	0.971962	35.500542	19.722523	0.216447
483	73257	0.004519	0.073025	0.272884	0.083999	0.840542	1.295600	0.988782	0.148637	1.074320	0.081366	5.493500	1.346855	0.172685	0.814374	0.508551	0.008854	0.112842	0.971962	35.500542	19.722523	0.216447
484	73257	0.004519	0.073025	0.272884	0.083999	0.840542	1.295600	0.988782	0.148637	1.074320	0.081366	5.493500	1.346855	0.172685	0.814374	0.508551	0.008854	0.112842	0.971962	35.500542	19.722523	0.216447
485	73257	0.004519	0.073025	0.272884	0.083999	0.840542	1.295600	0.988782	0.148637	1.074320	0.081366	5.493500	1.346855	0.172685	0.814374	0.508551	0.008854	0.112842	0.971962	35.500542	19.722523	0.216447
486	73257	0.004519	0.073025	0.272884	0.083999	0.840542	1.295600	0.988782	0.148637	1.074320	0.081366	5.493500	1.346855	0.172685	0.814374	0.508551	0.008854	0.112842	0.971962	35.500542	19.722523	0.216447
487	73257	0.004519	0.073025	0.272884	0.083999	0.840542	1.295600	0.988782	0.148637	1.074320	0.081366	5.493500	1.346855	0.172685	0.814374	0.508551	0.008854	0.112842	0.971962	35.500542	19.722523	0.216447
488	73257	0.004519	0.073025	0.272884	0.083999	0.840542	1.295600	0.988782	0.148637	1.074320	0.081366	5.493500	1.346855	0.172685	0.814374	0.508551	0.008854	0.112842	0.971962	35.500542	19.722523	0.216447
489	73257	0.004519	0.073025	0.272884	0.083999	0.840542	1.295600	0.988782	0.148637	1.074320	0.081366	5.493500	1.346855	0.172685	0.814374	0.508551	0.008854	0.112842	0.971962	35.500542	19.722523	0.216447
490	73257	0.004519	0.073025	0.272884	0.083999	0.840542	1.295600	0.988782	0.148637	1.074320	0.081366	5.493500	1.346855	0.172685	0.814374	0.508551	0.008854	0.112842	0.971962	35.500542	19.722523	0.216447
491	73257	0.004519	0.073025	0.272884	0.083999	0.840542	1.295600	0.988782	0.148637	1.074320	0.081366	5.493500	1.346855	0.172685	0.814374	0.508551	0.008854	0.112842	0.971962	35.500542	19.722523	0.216447
492	73257	0.004519	0.073025	0.272884	0.083999	0.840542	1.295600	0.988782	0.148637	1.074320	0.081366	5.493500	1.346855	0.172685	0.814374	0.508551	0.008854	0.112842	0.971962	35.500542	19.722523	0.216447
493	73257	0.004519	0.073025	0.272884	0.083999	0.840542	1.295600	0.988782	0.148637	1.074320	0.081366	5.493500	1.346855	0.172685	0.814374	0.508551	0.008854	0.112842	0.971962	35.500542	19.722523	0.216447
494	73257	0.004519	0.073025	0.272884	0.083999	0.840542	1.295600	0.988782	0.148637	1.074320	0.081366	5.493500	1.346855	0.172685	0.814374	0.508551	0.008854	0.112842	0.971962	35.500542	19.722523	0.216447
495	73257	0.004519	0.073025	0.272884	0.083999	0.840542	1.295600	0.988782	0.148637	1.074320	0.081366	5.493500	1.346855	0.172685	0.814374	0.508551	0.008854	0.112842	0.971962	35.500542	19.722523	0.216447
496	73257	0.004519	0.073025	0.272884	0.083999	0.840542	1.295600	0.988782	0.148637	1.074320	0.081366	5.493500	1.346855	0.172685	0.814374	0.508551	0.008854	0.112842	0.971962	35.500542	19.722523	0.216447
497	73257	0.004519	0.073025	0.272884	0.083999	0.840542	1.295600	0.988782	0.148637	1.074320	0.081366	5.493500	1.346855	0.172685	0.814374	0.508551	0.008854	0.112842	0.971962	35.500542	19.722523	0.216447
498	73257	0.004519	0.073025	0.272884	0.083999	0.840542	1.295600	0.988782	0.148637	1.074320	0.081366	5.493500	1.346855	0.172685	0.814374	0.508551	0.008854	0.112842	0.971962	35.500542	19.722523	0.216447
499	73257	0.004519	0.073025	0.272884	0.083999	0.840542	1.295600	0.988782	0.148637	1.074320	0.081366	5.493500	1.346855	0.172685	0.814374	0.508551	0.008854	0.112842	0.971962	35.500542	19.722523	0.216447
500	73257	0.004519	0.073025	0.272884	0.083999	0.840542	1.295600	0.988782	0.148637	1.074320	0.081366	5.493500	1.346855	0.172685	0.814374	0.508551	0.008854	0.112842	0.971962	35.500542	19.722523	0.216447
501	73257	0.004519	0.073025	0.272884	0.083999	0.840542	1.295600	0.988782	0.148637	1.074320	0.081366	5.493500	1.346855	0.172685	0.814374	0.508551	0.008854	0.112842	0.971962	35.500542	19.722523	0.216447
502	73257	0.004519	0.073025	0.272884	0.083999	0.840542	1.295600	0.988782	0.148637	1.074320	0.081366	5.493500	1.346855	0.172685	0.814374	0.508551	0.008854	0.112842	0.971962	35.500542	19.722523	0.216447
503	73257	0.004519	0.073025	0.272884	0.083999	0.840542	1.295600	0.988782	0.148637	1.074320	0.081366	5.493500	1.346855	0.172685	0.814374	0.508551	0.008854	0.112842	0.971962	35.500542	19.722523	0.216447
504	73257	0.004519	0.073025	0.272884	0.083999	0.840542	1.295600	0.988782	0.148637	1.074320	0.081366	5.493500	1.346855	0.172685	0.814374	0.508551	0.008854	0.112842	0.971962	35.500542	19.722523	0.216447
505	73257	0.004519	0.073025	0.272884	0.083999	0.840542	1.295600	0.988782	0.148637	1.074320	0.081366	5.493500	1.346855	0.172685	0.814374	0.508551	0.008854	0.112842	0.971962	35.500542	19.722523	0.216447
506	73257	0.004519	0.073025	0.272884	0.083999	0.840542	1.295600	0.988782	0.148637	1.074320	0.081366	5.493500	1.346855	0.172685	0.814374	0.508551	0.008854	0.112842	0.971962	35.500542	19.722523	0.216447
507	73257	0.004519	0.073025	0.272884	0.083999	0.840542	1.295600	0.988782	0.148637	1.074320	0.081366	5.493500	1.346855	0.172685	0.814374	0.508551	0.008854	0.112842	0.971962	35.500542	19.722523	0.216447
508	73257	0.004519	0.073025	0.272884	0.083999	0.840542	1.295600	0.988782	0.148637	1.074320	0.081366	5.493500	1.346855	0.172685	0.814374	0.508551	0.008854	0.112842	0.971962	35.500542	19.722523	0.216447
509	73257	0.004519	0.073025	0.272884	0.083999	0.840542	1.295600	0.988782	0.148637	1.074320	0.081366	5.493500	1.346855	0.172685	0.814374	0.508551	0.008854	0.112842	0.971962	35.500542	19.722523	0.216447
510	73257	0.004519	0.073025	0.272884	0.083999	0.840542	1.295600	0.988782	0.148637	1.074320	0.081366	5.493500	1.346855	0.172685	0.814374	0.508551	0.008854	0.112842	0.971962	35.500542	19.722523	0.216447
511	73257	0.004519	0.073025	0.272884	0.083999	0.840542	1.295600	0.988782	0.148637	1.074320	0.081366	5.493500	1.346855	0.172685	0.814374	0.508551	0.008854	0.112842	0.971962	35.500542	19.722523	0.216447
512	73257	0.004519	0.073025	0.272884	0.083999	0.840542	1.295600	0.988782	0.148637	1.074320	0.081366	5.493500	1.346855	0.172685	0.814374	0.508551	0.008854	0.112842	0.971962	35.500542	19.722523	0.216447
513	73257	0.004519	0.073025	0.272884	0.083999	0.840542	1.295600	0.988782	0.148637	1.074320	0.081366	5.493500	1.346855	0.172685	0.814374	0.508551	0.008854	0.112842	0.971962	35.500542	19.722523	0.216447
514	73257	0.004519	0.073025	0.272884	0.083999	0.840542	1.295600	0.988782	0.148637	1.074320	0.081366	5.493500	1.346855	0.172685	0.814374	0.508551	0.008854	0.112842	0.971962	35.500542	19.722523	0.216447
515	73257	0.004519	0.073025	0.272884	0.083999	0.840542	1.295600	0.988782	0.148637	1.074320	0.081366	5.493500	1.346855	0.172685	0.814374	0.508551	0.008854	0.112842	0.971962	35.500542	19.722523	0.216447
516	73257	0.004519	0.073025	0.272884	0.083999	0.840542	1.295600	0.988782	0.148637	1.074320	0.081366	5.493500	1.346855	0.172685	0.814374	0.508551	0.008854	0.112842	0.971962	35.500542	19.722523	0.216447
517	73257	0.004519	0.073025	0.272884	0.083999	0.840542	1.295600	0.988782	0.148637	1.074320	0.081366	5.493500	1.346855	0.172685	0.814374	0.508551	0.008854	0.112842	0.971962	35.500542	19.722523	0.216447
518	73257	0.004519	0.073025	0.272884	0.083999	0.840542	1.295600	0.988782	0.148637	1.074320	0.081366	5.493500	1.346855	0.172685	0.814374	0.508551	0.008854	0.112842	0.971962	35.500542	19.722523	0.216447
519	73257	0.004519	0.073025	0.272884	0.083999	0.840542	1.295600	0.988782	0.148637	1.074320	0.081366	5.493500	1.346855	0.172685	0.814374	0.508551	0.008854	0.112842	0.971962	35.500542	19.722523	0.216447
520	73257	0.004519	0.073025	0.272884	0.083999	0.840542	1.295600	0.988782	0.148637	1.074320	0.081366	5.493500	1.346855	0.172685	0.814374	0.508551	0.008854	0.112842	0.971962	35.500542	19.722523	0.216447
521	73257	0.004519	0.073025	0.272884	0.083999	0.840542	1.295600	0.988782	0.148637	1.074320	0.081366	5.493500	1.346855	0.172685	0.814374	0.508551	0.008854	0.112842	0.971962	35.500542	19.722523	0.216447
522	73257	0.004519	0.073025	0.272884	0.083999	0.840542	1.295600	0.988782	0.148637	1.074320	0.081366	5.493500	1.346855	0.172685	0.814374	0.508551	0.008854	0.112842	0.971962	35.500542	19.722523	0.216447
523	73257	0.004519	0.073025	0.272884	0.083999	0.840542	1.295600	0.988782	0.148637	1.074320	0.081366	5.493500	1.346855	0.172685	0.814374	0.508551	0.008854	0.112842	0.971962	35.500542	19.722523	0.216447
524	73257	0.004519	0.073025	0.272884	0.083999	0.840542	1.295600	0.988782	0.148637	1.074320	0.081366	5.493500	1.346855	0.172685	0.814374	0.508551	0.008854	0.112842	0.971962	35.500542	19.722523	0.216447
525	73257	0.004519	0.073025	0.272884	0.083999	0.840542	1.295600	0.988782	0.148637	1.074320	0.081366	5.493500	1.346855	0.172685	0.814374	0.508551	0.008854	0.112842	0.971962	35.500542	19.722523	0.216447
526	73257	0.004519	0.073025	0.272884	0.083999	0.840542	1.295600	0.988782	0.148637	1.074320	0.081366	5.493500	1.346855	0.172685	0.814374	0.508551	0.008854	0.112842	0.971962	35.500542	19.722523	0.216447
527	73257	0.004519	0.073025	0.272884	0.083999	0.840542	1.295600	0.988782	0.148637	1.074320	0.081366	5.493500	1.346855	0.172685	0.814374	0.508551	0.008854	0.112842	0.971962	35.500542	19.722523	0.216447
528	73257	0.004519	0.073025	0.272884	0.083999	0.840542	1.295600	0.988782	0.148637	1.074320	0.081366	5.493500	1.346855	0.172685	0.814374	0.508551	0.008854	0.112842	0.971962	35.500542	19.722523	0.216447
529	73257	0.004519	0.073025	0.272884	0.083999	0.840542	1.295600	0.988782	0.148637	1.074320	0.081366	5.493500	1.346855	0.172685	0.814374	0.508551	0.008854	0.112842	0.971962	35.500542	19.722523	0.216447
530	73257	0.004519	0.073025	0.272884	0.083999	0.840542	1.295600	0.988782	0.148637	1.074320	0.081366	5.493500	1.346855	0.172685	0.814374	0.508551	0.008854	0.112842	0.971962	35.500542	19.722523	0.216447
531	73257	0.004519	0.073025	0.272884	0.083999	0.840542	1.295600	0.988782	0.148637	1.074320	0.081366	5.493500	1.346855	0.172685	0.814374	0.508551	0.008854	0.112842	0.971962	35.500542	19.722523	0.216447
532	73257	0.004519	0.073025	0.272884	0.083999	0.840542	1.295600	0.988782	0.148637	1.074320	0.081366	5.493500	1.346855	0.172685	0.814374	0.508551	0.008854	0.112842	0.971962	35.500542	19.722523	0.216447
533	73257	0.004519	0.073025	0.272884	0.083999	0.840542	1.295600	0.988782	0.148637	1.074320	0.081366	5.493500	1.346855	0.172685	0.814374	0.508551	0.008854	0.112842	0.971962	35.500542	19.722523	0.216447
534	73257	0.004519	0.073025	0.272884	0.083999	0.840542	1.295600	0.988782	0.148637	1.074320	0.081366	5.493500	1.346855	0.172685	0.814374	0.508551	0.008854	0.112842	0.971962	35.500542	19.722523	0.216447
535	73257	0.004519	0.073025	0.272884	0.083999	0.840542	1.295600	0.988782	0.148637	1.074320	0.081366	5.493500	1.346855	0.172685	0.814374	0.508551	0.008854	0.112842	0.971962	35.500542	19.722523	0.216447
536	73257	0.004519	0.073025	0.272884	0.083999	0.840542	1.295600	0.988782	0.148637	1.074320	0.081366	5.493500	1.346855	0.172685	0.814374	0.508551	0.008854	0.112842	0.971962	35.500542	19.722523	0.216447
537	73257	0.004519	0.073025	0.272884	0.083999	0.840542	1.295600	0.988782	0.148637	1.074320	0.081366	5.493500	1.346855	0.172685	0.814374	0.508551	0.008854	0.112842	0.971962	35.500542	19.722523	0.216447
538	73257	0.004519	0.073025	0.272884	0.083999	0.840542	1.295600	0.988782	0.148637	1.074320	0.081366	5.493500	1.346855	0.172685	0.814374	0.508551	0.008854	0.112842	0.971962	35.500542	19.722523	0.216447
539	73257	0.004519	0.073025	0.272884	0.083999	0.840542	1.295600	0.988782	0.148637	1.074320	0.081366	5.493500	1.346855	0.172685	0.814374	0.508551	0.008854	0.112842	0.971962	35.500542	19.722523	0.216447
540	73257	0.004519	0.073025	0.272884	0.083999	0.840542	1.295600	0.988782	0.148637	1.074320	0.081366	5.493500	1.346855	0.172685	0.814374	0.508551	0.008854	0.112842	0.971962	35.500542	19.722523	0.216447
541	73257	0.004519	0.073025	0.272884	0.083999	0.840542	1.295600	0.988782	0.148637	1.074320	0.081366	5.493500	1.346855	0.172685	0.814374	0.508551	0.008854	0.112842	0.971962	35.500542	19.722523	0.216447
542	73257	0.004519	0.073025	0.272884	0.083999	0.840542	1.295600	0.988782	0.148637	1.074320	0.081366	5.493500	1.346855	0.172685	0.814374	0.508551	0.008854	0.112842	0.971962	35.500542	19.722523	0.216447
543	73257	0.004519	0.073025	0.272884	0.083999	0.840542	1.295600	0.988782	0.148637	1.074320	0.081366	5.493500	1.346855	0.172685	0.814374	0.508551	0.008854	0.112842	0.971962	35.500542	19.722523	0.216447
544	73257	0.004519	0.073025	0.272884	0.083999	0.840542	1.295600	0.988782	0.148637	1.074320	0.081366	5.493500	1.346855	0.172685	0.814374	0.508551	0.008854	0.112842	0.971962	35.500542	19.722523	0.216447
545	73257	0.004519	0.073025	0.272884	0.083999	0.840542	1.295600	0.988782	0.148637	1.074320	0.081366	5.493500	1.346855	0.172685	0.814374	0.508551	0.008854	0.112842	0.971962	35.500542	19.722523	0.216447
546	73257	0.004519	0.073025	0.272884	0.083999	0.840542	1.295600	0.988782	0.148637	1.074320	0.081366	5.493500	1.346855	0.172685	0.814374	0.508551	0.008854	0.112842	0.971962	35.500542	19.722523	0.216447
547	73257	0.004519	0.073025	0.272884	0.083999	0.840542	1.295600	0.988782	0.148637	1.074320	0.081366	5.493500	1.346855	0.172685	0.814374	0.508551	0.008854	0.112842	0.971962	35.500542	19.722523	0.216447
548	73257	0.004519	0.073025	0.272884	0.083999	0.840542	1.295600	0.988782	0.148637	1.074320	0.081366	5.493500	1.346855	0.172685	0.814374	0.508551	0.008854	0.112842	0.971962	35.500542	19.722523	0.216447
549	73257	0.004519	0.073025	0.272884	0.083999	0.840542	1.295600	0.988782	0.148637	1.074320	0.081366	5.493500	1.346855	0.172685	0.814374	0.508551	0.008854	0.112842	0.971962	35.500542	19.722523	0.216447
550	73257	0.004519	0.073025	0.272884	0.083999	0.840542	1.295600	0.988782	0.148637	1.074320	0.081366	5.493500	1.346855	0.172685	0.814374	0.508551	0.008854	0.112842	0.971962	35.500542	19.722523	0.216447
551	73257	0.004519	0.073025	0.272884	0.083999	0.840542	1.295600	0.988782	0.148637	1.074320	0.081366	5.493500	1.346855	0.172685	0.814374	0.508551	0.008854	0.112842	0.971962	35.500542	19.722523	0.216447
552	73257	0.004519	0.073025	0.272884	0.083999	0.840542	1.295600	0.988782	0.148637	1.074320	0.081366	5.493500	1.346855	0.172685	0.814374	0.508551	0.008854	0.112842	0.971962	35.500542	19.722523	0.216447
553	73257	0.004519	0.073025	0.272884	0.083999	0.840542	1.295600	0.988782	0.148637	1.074320	0.081366	5.493500	1.346855	0.172685	0.814374	0.508551	0.008854	0.112842	0.971962	35.500542	19.722523	0.216447
554	73257	0.004519	0.073025	0.272884	0.083999	0.840542	1.295600	0.988782	0.148637	1.074320	0.081366	5.493500	1.346855	0.172685	0.814374	0.508551	0.008854	0.112842	0.971962	35.500542	19.722523	0.216447
555	73257	0.004519	0.073025	0.272884	0.083999	0.840542	1.295600	0.988782	0.148637	1.074320	0.081366	5.493500	1.346855	0.172685	0.814374	0.508551	0.008854	0.112842	0.971962	35.500542	19.722523	0.216447
556	73257	0.004519	0.073025	0.272884	0.083999	0.840542	1.295600	0.988782	0.148637	1.074320	0.081366	5.493500	1.346855	0.172685	0.814374	0.508551	0.008854	0.112842	0.971962	35.500542	19.722523	0.216447
557	73257	0.004519	0.073025	0.272884	0.083999	0.840542	1.295600	0.988782	0.148637	1.074320	0.081366	5.493500	1.346855	0.172685	0.814374	0.508551	0.008854	0.112842	0.971962	35.500542	19.722523	0.216447
558	73257	0.004519	0.073025	0.272884	0.083999	0.840542	1.295600	0.988782	0.148637	1.074320	0.081366	5.493500	1.346855	0.172685	0.814374	0.508551	0.008854	0.112842	0.971962	35.500542	19.722523	0.216447
559	73257	0.004519	0.073025	0.272884	0.083999	0.840542	1.295600	0.988782	0.148637	1.074320	0.081366	5.493500	1.346855	0.172685	0.814374	0.508551	0.008854	0.112842	0.971962	35.500542	19.722523	0.216447
560	73257	0.004519	0.073025	0.272884	0.083999	0.840542	1.295600	0.988782	0.148637	1.074320	0.081366	5.493500	1.346855	0.172685	0.814374	0.508551	0.008854	0.112842	0.971962	35.500542	19.722523	0.216447
561	73257	0.004519	0.073025	0.272884	0.083999	0.840542	1.295600	0.988782	0.148637	1.074320	0.081366	5.493500	1.346855	0.172685	0.814374	0.508551	0.008854	0.112842	0.971962	35.500542	19.722523	0.216447
562	73257	0.004519	0.073025	0.272884	0.083999	0.840542	1.295600	0.988782	0.148637	1.074320	0.081366	5.493500	1.346855	0.172685	0.814374	0.508551	0.008854	0.112842	0.971962	35.500542	19.722523	0.216447
563	73257	0.004519	0.073025	0.272884	0.083999	0.840542	1.295600	0.988782	0.148637	1.074320	0.081366	5.493500	1.346855	0.172685	0.814374	0.508551	0.008854	0.112842	0.971962	35.500542	19.722523	0.216447
564	73257	0.004519	0.073025	0.272884	0.083999	0.840542	1.295600	0.988782	0.148637	1.074320	0.081366	5.493500	1.346855	0.172685	0.814374	0.508551	0.008854	0.112842	0.971962	35.500542	19.722523	0.216447
565	73257	0.004519	0.073025	0.272884	0.083999	0.840542	1.295600	0.988782	0.148637	1.074320	0.081366	5.493500	1.346855	0.172685	0.814374	0.508551	0.008854	0.112842	0.971962	35.500542	19.722523	0.216447
566	73257	0.004519	0.073025	0.272884	0.083999	0.840542	1.295600	0.988782	0.148637	1.074320	0.081366	5.493500	1.346855	0.172685	0.814374	0.508551	0.008854	0.112842	0.971962	35.500542	19.722523	0.216447
567	73257	0.004519	0.073025	0.272884	0.083999	0.840542	1.295600	0.988782	0.148637	1.074320	0.081366	5.493500	1.346855	0.172685	0.814374	0.508551	0.008854	0.112842	0.971962	35.500542	19.722523	0.216447
568	73257	0.004519	0.073025	0.272884	0.083999	0.840542	1.295600	0.988782	0.148637	1.074320	0.081366	5.493500	1.346855	0.172685	0.814374	0.508551	0.008854	0.112842	0.971962	35.500542	19.722523	0.216447
569	73257	0.004519	0.073025	0.272884	0.083999	0.840542	1.295600	0.988782	0.148637	1.074320	0.081366	5.493500	1.346855	0.172685	0.814374	0.508551	0.008854	0.112842	0.971962	35.500542	19.722523	0.216447
570	73257	0.004519	0.073025	0.272884	0.083999	0.840542	1.295600	0.988782	0.148637	1.074320	0.081366	5.493500	1.346855	0.172685	0.814374	0.508551	0.008854	0.112842	0.971962	35.500542	19.722523	0.216447
571	73257	0.004519	0.073025	0.272884	0.083999	0.840542	1.295600	0.988782	0.148637	1.074320	0.081366	5.493500	1.346855	0.172685	0.814374	0.508551	0.008854	0.112842	0.971962	35.500542	19.722523	0.216447
572	73257	0.004519	0.073025	0.272884	0.083999	0.840542	1.295600	0.988782	0.148637	1.074320	0.081366	5.493500	1.346855	0.172685	0.814374	0.508551	0.008854	0.112842	0.971962	35.500542	19.722523	0.216447
573	73257	0.004519	0.073025	0.272884	0.083999	0.840542	1.295600	0.988782	0.148637	1.074320	0.081366	5.493500	1.346855	0.172685	0.814374	0.508551	0.008854	0.112842	0.971962	35.500542	19.722523	0.216447
574	73257	0.004519	0.073025	0.272884	0.083999	0.840542	1.295600	0.988782	0.148637	1.074320	0.081366	5.493500	1.346855	0.172685	0.814374	0.508551	0.008854	0.112842	0.971962	35.500542	19.722523	0.216447
575	73257	0.004519	0.073025	0.272884	0.083999	0.840542	1.295600	0.988782	0.148637	1.074320	0.081366	5.493500	1.346855	0.172685	0.814374	0.508551	0.008854	0.112842	0.971962	35.500542	19.722523	0.216447
576	73257	0.004519	0.073025	0.272884	0.083999	0.840542	1.295600	0.988782	0.148637	1.074320	0.081366	5.493500	1.346855	0.172685	0.814374	0.508551	0.008854	0.112842	0.971962	35.500542	19.722523	0.216447
577	73257	0.004519	0.073025	0.272884	0.083999	0.840542	1.295600	0.988782	0.148637	1.074320	0.081366	5.493500	1.346855	0.172685	0.814374	0.508551	0.008854	0.112842	0.971962	35.500542	19.722523	0.216447
578	73257	0.004519	0.073025	0.272884	0.083999	0.840542	1.295600	0.988782	0.148637	1.074320	0.081366	5.493500	1.346855	0.172685	0.814374	0.508551	0.008854	0.112842	0.971962	35.500542	19.722523	0.216447
579	73257	0.004519	0.073025	0.272884	0.083999	0.840542	1.295600	0.988782	0.148637	1.074320	0.081366	5.493500	1.346855	0.172685	0.814374	0.508551	0.008854	0.112842	0.971962	35.500542	19.722523	0.216447
580	73257	0.004519	0.073025	0.272884	0.083999	0.840542	1.295600	0.988782	0.148637	1.074320	0.081366	5.493500	1.346855	0.172685	0.814374	0.508551	0.008854	0.112842	0.971962	35.500542	19.722523	0.216447
581	73257	0.004519	0.073025	0.272884	0.083999	0.840542	1.295600	0.988782	0.148637	1.074320	0.081366	5.493500	1.346855	0.172685	0.814374	0.508551	0.008854	0.112842	0.971962	35.500542	19.722523	0.216447
582	73257	0.004519	0.073025	0.272884	0.083999	0.840542	1.295600	0.988782	0.148637	1.074320	0.081366	5.493500	1.346855	0.172685	0.814374	0.508551	0.008854	0.112842	0.971962	35.500542	19.722523	0.216447
583	73257	0.004519	0.073025	0.272884	0.083999	0.840542	1.295600	0.988782	0.148637	1.074320	0.081366	5.493500	1.346855	0.172685	0.814374	0.508551	0.008854	0.112842	0.971962	35.500542	19.722523	0.216447
584	73257	0.004519	0.073025	0.272884	0.083999	0.840542	1.295600	0.988782	0.148637	1.074320	0.081366	5.493500	1.346855	0.172685	0.814374	0.508551	0.008854	0.112842	0.971962	35.500542	19.722523	0.216447
585	73257	0.004519	0.073025	0.272884	0.083999	0.840542	1.295600	0.988782	0.148637	1.074320	0.081366	5.493500	1.346855	0.172685	0.814374	0.508551	0.008854	0.112842	0.971962	35.500542	19.722523	0.216447
586	73257	0.004519	0.073025	0.272884	0.083999	0.840542	1.295600	0.988782	0.148637	1.074320	0.081366	5.493500	1.346855	0.172685	0.814374	0.508551	0.008854	0.112842	0.971962	35.500542	19.722523	0.216447
587	73257	0.004519	0.073025	0.272884	0.083999	0.840542	1.295600	0.988782	0.148637	1.074320	0.081366	5.493500	1.346855	0.172685	0.814374	0.508551	0.008854	0.112842	0.971962	35.500542	19.722523	0.216447
588	73257	0.004519	0.073025	0.272884	0.083999	0.840542	1.295600	0.988782	0.148637	1.074320	0.081366	5.493500	1.346855	0.172685	0.814374	0.508551	0.008854	0.112842	0.971962	35.500542	19.722523	0.216447
589	73257	0.004519	0.073025	0.272884	0.083999	0.840542	1.295600	0.988782	0.148637	1.074320	0.081366	5.493500	1.346855	0.172685	0.814374	0.508551	0.008854	0.112842	0.971962	35.500542	19.722523	0.216447
590	73257	0.004519	0.073025	0.272884	0.083999	0.840542	1.295600	0.988782	0.148637	1.074320	0.081366	5.493500	1.346855	0.172685	0.814374	0.508551	0.008854	0.112842	0.971962	35.500542	19.722523	0.216447
591	73257	0.004519	0.073025	0.272884	0.083999	0.840542	1.295600	0.988782	0.148637	1.074320	0.081366	5.493500	1.346855	0.172685	0.814374	0.508551	0.008854	0.112842	0.971962	35.500542	19.722523	0.216447
592	73257	0.004519	0.073025	0.272884	0.083999	0.840542	1.295600	0.988782	0.148637	1.074320	0.081366	5.493500	1.346855	0.172685	0.814374	0.508551	0.008854	0.112842	0.971962	35.500542	19.722523	0.216447
593	73257	0.004519	0.073025	0.272884	0.083999	0.840542	1.295600	0.988782	0.148637	1.074320	0.081366	5.493500	1.346855	0.172685	0.814374	0.508551	0.008854	0.112842	0.971962	35.500542	19.722523	0.216447
594	73257	0.004519	0.073025	0.272884	0.083999	0.840542	1.295600	0.988782	0.148637	1.074320	0.081366	5.493500	1.346855	0.172685	0.814374	0.508551	0.008854	0.112842	0.971962	35.500542	19.722523	0.216447
595	73257	0.004519	0.073025	0.272884	0.083999	0.840542	1.295600	0.988782	0.148637	1.074320	0.081366	5.493500	1.346855	0.172685	0.814374	0.508551	0.008854	0.112842	0.971962	35.500542	19.722523	0.216447
596	73257	0.004519	0.073025	0.272884	0.083999	0.840542	1.295600	0.988782	0.148637	1.074320	0.081366	5.493500	1.346855	0.172685	0.814374	0.508551	0.008854	0.112842	0.971962	35.500542	19.722523	0.216447
597	73257	0.004519	0.073025	0.272884	0.083999	0.840542	1.295600	0.988782	0.148637	1.074320	0.081366	5.493500	1.346855	0.172685	0.814374	0.508551	0.008854	0.112842	0.971962	35.500542	19.722523	0.216447
598	73257	0.004519	0.073025	0.272884	0.083999	0.840542	1.295600	0.988782	0.148637	1.074320	0.081366	5.493500	1.346855	0.172685	0.814374	0.508551	0.008854	0.112842	0.971962	35.500542	19.722523	0.216447
599	73257	0.004519	0.073025	0.272884	0.083999	0.840542	1.295600	0.988782	0.148637	1.074320	0.081366	5.493500	1.346855	0.172685	0.814374	0.508551	0.008854	0.112842	0.971962	35.500542	19.722523	0.216447
600	73257	0.004519	0.073025	0.272884	0.083999	0.840542	1.295600	0.988782	0.148637	1.074320	0.081366	5.493500	1.346855	0.172685	0.814374	0.508551	0.008854	0.112842	0.971962	35.500542	19.722523	0.216447
601	73257	0.004519	0.073025	0.272884	0.083999	0.840542	1.295600	0.988782	0.148637	1.074320	0.081366	5.493500	1.346855	0.172685	0.814374	0.508551	0.008854	0.112842	0.971962	35.500542	19.722523	0.216447
602	73257	0.004519	0.073025	0.272884	0.083999	0.840542	1.295600	0.988782	0.148637	1.074320	0.081366	5.493500	1.346855	0.172685	0.814374	0.508551	0.008854	0.112842	0.971962	35.500542	19.722523	0.216447
603	73257	0.004519	0.073025	0.272884	0.083999	0.840542	1.295600	0.988782	0.148637	1.074320	0.081366	5.493500	1.346855	0.172685	0.814374	0.508551	0.008854	0.112842	0.971962	35.500542	19.722523	0.216447
604	73257	0.004519	0.073025	0.272884	0.083999	0.840542	1.295600	0.988782	0.148637	1.074320	0.081366	5.493500	1.346855	0.172685	0.814374	0.508551	0.008854	0.112842	0.971962	35.500542	19.722523	0.216447
605	73257	0.004519	0.073025	0.272884	0.083999	0.840542	1.295600	0.988782	0.148637	1.074320	0.081366	5.493500	1.346855	0.172685	0.814374	0.508551	0.008854	0.112842	0.971962	35.500542	19.722523	0.216447
606	73257	0.004519	0.073025	0.272884	0.083999	0.840542	1.295600	0.988782	0.148637	1.074320	0.081366	5.493500	1.346855	0.172685	0.814374	0.508551	0.008854	0.112842	0.971962	35.500542	19.722523	0.216447
607	73257	0.004519	0.073025	0.272884	0.083999	0.840542	1.295600	0.988782	0.148637	1.074320	0.081366	5.493500	1.346855	0.172685	0.814374	0.508551	0.008854	0.112842	0.971962	35.500542	19.722523	0.216447
608	73257	0.004519	0.073025	0.272884	0.083999	0.840542	1.295600	0.988782	0.148637	1.074320	0.081366	5.493500	1.346855	0.172685	0.814374	0.508551	0.008854	0.112842	0.971962	35.500542	19.722523	0.216447
609	73257	0.004519	0.073025	0.272884	0.083999	0.840542	1.295600	0.988782	0.148637	1.074320	0.081366	5.493500	1.346855	0.172685	0.814374	0.508551	0.008854	0.112842	0.971962	35.500542	19.722523	0.216447
610	73257	0.004519	0.073025	0.272884	0.083999	0.840542	1.295600	0.988782	0.148637	1.074320	0.081366	5.493500	1.346855	0.172685	0.814374	0.508551	0.008854	0.112842	0.971962	35.500542	19.722523	0.216447
611	73257	0.004519	0.073025	0.272884	0.083999	0.840542	1.295600	0.988782	0.148637	1.074320	0.081366	5.493500	1.346855	0.172685	0.814374	0.508551	0.008854	0.112842	0.971962	35.500542	19.722523	0.216447
612	73257	0.004519	0.073025	0.272884	0.083999	0.840542	1.295600	0.988782	0.148637	1.074320	0.081366	5.493500	1.346855	0.172685	0.814374	0.508551	0.008854	0.112842	0.971962	35.500542	19.722523	0.216447
613	73257	0.004519	0.073025	0.272884	0.083999	0.840542	1.295600	0.988782	0.148637	1.074320	0.081366	5.493500	1.346855	0.172685	0.814374	0.508551	0.008854	0.112842	0.971962	35.500542	19.722523	0.216447
614	73257	0.004519	0.073025	0.272884	0.083999	0.840542	1.295600	0.988782	0.148637	1.074320	0.081366	5.493500	1.346855	0.172685	0.814374	0.508551	0.008854	0.112842	0.971962	35.500542	19.722523	0.216447
615	73257	0.004519	0.073025	0.272884	0.083999	0.840542	1.295600	0.988782	0.148637	1.074320	0.081366	5.493500	1.346855	0.172685	0.814374	0.508551	0.008854	0.112842	0.971962	35.500542	19.722523	0.216447
616	73257	0.004519	0.073025	0.272884	0.083999	0.840542	1.295600	0.988782	0.148637	1.074320	0.081366	5.493500	1.346855	0.172685	0.814374	0.508551	0.008854	0.112842	0.971962	35.500542	19.722523	0.216447
617	73257	0.004519	0.073025	0.272884	0.083999	0.840542	1.295600	0.988782	0.148637	1.074320	0.081366	5.493500	1.346855	0.172685	0.814374	0.508551	0.008854	0.112842	0.971962	35.500542	19.722523	0.216447
618	73257	0.004519	0.073025	0.272884	0.083999	0.840542	1.295600	0.988782	0.148637	1.074320	0.081366	5.493500	1.346855	0.172685	0.814374	0.508551	0.008854	0.112842	0.971962	35.500542	19.722523	0.216447
619	73257	0.004519	0.073025	0.272884	0.083999	0.840542	1.295600	0.988782	0.148637	1.074320	0.081366	5.493500	1.346855	0.172685	0.814374	0.508551	0.008854	0.112842	0.971962	35.500542	19.722523	0.216447
620	73257	0.004519	0.073025	0.272884	0.083999	0.840542	1.295600	0.988782	0.148637	1.074320	0.081366	5.493500	1.346855	0.172685	0.814374	0.508551	0.008854	0.112842	0.971962	35.500542	19.722523	0.216447
621	73257	0.004519	0.073025	0.272884	0.083999	0.840542	1.295600	0.988782	0.148637	1.074320	0.081366	5.493500	1.346855	0.172685	0.814374	0.508551	0.008854	0.112842	0.971962	35.500542	19.722523	0.216447
622	73257	0.004519	0.073025	0.272884	0.083999	0.840542	1.295600	0.988782	0.148637	1.074320	0.081366	5.493500	1.346855	0.172685	0.814374	0.508551	0.008854	0.112842	0.971962	35.500542	19.722523	0.216447
623	73257	0.004519	0.073025	0.272884	0.083999	0.840542	1.295600	0.988782	0.148637	1.074320	0.081366	5.493500	1.346855	0.172685	0.814374	0.508551	0.008854	0.112842	0.971962	35.500542	19.722523	0.216447
624	73257	0.004519	0.073025	0.272884	0.083999	0.840542	1.295600	0.988782	0.148637	1.074320	0.081366	5.493500	1.346855	0.172685	0.814374	0.508551	0.008854	0.112842	0.971962	35.500542	19.722523	0.216447
625	73257	0.004519	0.073025	0.272884	0.083999	0.840542	1.295600	0.988782	0.148637	1.074320	0.081366	5.493500	1.346855	0.172685	0.814374	0.508551	0.008854	0.112842	0.971962	35.500542	19.722523	0.216447
626	73257	0.004519	0.073025	0.272884	0.083999	0.840542	1.295600	0.988782	0.148637	1.074320	0.081366	5.493500	1.346855	0.172685	0.814374	0.508551	0.008854	0.112842	0.971962	35.500542	19.722523	0.216447
627	73257	0.004519	0.073025	0.272884	0.083999	0.840542	1.295600	0.988782	0.148637	1.074320	0.081366	5.493500	1.346855	0.172685	0.814374	0.508551	0.008854	0.112842	0.971962	35.500542	19.722523	0.216447
628	73257	0.004519	0.073025	0.272884	0.083999	0.840542	1.295600	0.988782	0.148637	1.074320	0.081366	5.493500	1.346855	0.172685	0.814374	0.508551	0.008854	0.112842	0.971962	35.500542	19.722523	0.216447
629	73257	0.004519	0.073025	0.272884	0.083999	0.840542	1.295600	0.988782	0.148637	1.074320	0.081366	5.493500	1.346855	0.172685	0.814374	0.508551	0.008854	0.112842	0.971962	35.500542	19.722523	0.216447
630	73257	0.004519	0.073025	0.272884	0.083999	0.840542	1.295600	0.988782	0.148637	1.074320	0.081366	5.493500	1.346855	0.172685	0.814374	0.508551	0.008854	0.112842	0.971962	35.500542	19.722523	0.216447
631	73257	0.004519	0.073025	0.272884	0.083999	0.840542	1.295600	0.988782	0.148637	1.074320	0.081366	5.493500	1.346855	0.172685	0.814374	0.508551	0.008854	0.112842	0.971962	35.500542	19.722523	0.216447
632	73257	0.004519	0.073025	0.272884	0.083999	0.840542	1.295600	0.988782	0.148637	1.074320	0.081366	5.493500	1.346855	0.172685	0.814374	0.508551	0.008854	0.112842	0.971962	35.500542	19.722523	0.216447
633	73257	0.004519	0.073025	0.272884	0.083999	0.840542	1.295600	0.988782	0.148637	1.074320	0.081366	5.493500	1.346855	0.172685	0.814374	0.508551	0.008854	0.112842	0.971962	35.500542	19.722523	0.216447
634	73257	0.004519	0.073025	0.272884	0.083999	0.840542	1.295600	0.988782	0.148637	1.074320	0.081366	5.493500	1.346855	0.172685	0.814374	0.508551	0.008854	0.112842	0.971962	35.500542	19.722523	0.216447
635	73257	0.004519	0.073025	0.272884	0.083999	0.840542	1.295600	0.988782	0.148637	1.074320	0.081366	5.493500	1.346855	0.172685	0.814374	0.508551	0.008854	0.112842	0.971962	35.500542	19.722523	0.216447
636	73257	0.004519	0.073025	0.272884	0.083999	0.840542	1.295600	0.988782	0.148637	1.074320	0.081366	5.493500	1.346855	0.172685	0.814374	0.508551	0.008854	0.112842	0.971962	35.500542	19.722523	0.216447
637	73257	0.004519	0.073025	0.272884	0.083999	0.840542	1.295600	0.988782	0.148637	1.074320	0.081366	5.493500	1.346855	0.172685	0.814374	0.508551	0.008854	0.112842	0.971962	35.500542	19.722523	0.216447
638	73257	0.004519	0.073025	0.272884	0.083999	0.840542	1.295600	0.988782	0.148637	1.074320	0.081366	5.493500	1.346855	0.172685	0.814374	0.508551	0.008854	0.112842	0.971962	35.500542	19.722523	0.216447
639	73257	0.004519	0.073025	0.272884	0.083999	0.840542	1.295600	0.988782	0.148637	1.074320	0.081366	5.493500	1.346855	0.172685	0.814374	0.508551	0.008854	0.112842	0.971962	35.500542	19.722523	0.216447
640	73257	0.004519	0.073025	0.272884	0.083999	0.840542	1.295600	0.988782	0.148637	1.074320	0.081366	5.493500	1.346855	0.172685	0.814374	0.508551	0.008854	0.112842	0.971962	35.500542	19.722523	0.216447
641	73257	0.004519	0.073025	0.272884	0.083999	0.840542	1.295600	0.988782	0.148637	1.074320	0.081366	5.493500	1.346855	0.172685	0.814374	0.508551	0.008854	0.112842	0.971962	35.500542	19.722523	0.216447
642	73257	0.004519	0.073025	0.272884	0.083999	0.840542	1.295600	0.988782	0.148637	1.074320	0.081366	5.493500	1.346855	0.172685	0.814374	0.508551	0.008854	0.112842	0.971962	35.500542	19.722523	0.216447
643	73257	0.004519	0.073025	0.272884	0.083999	0.840542	1.295600	0.988782	0.148637	1.074320	0.081366	5.493500	1.346855	0.172685	0.814374	0.508551	0.008854	0.112842	0.971962	35.500542	19.722523	0.216447
644	73257	0.004519	0.073025	0.272884	0.083999	0.840542	1.295600	0.988782	0.148637	1.074320	0.081366	5.493500	1.346855	0.172685	0.814374	0.508551	0.008854	0.112842	0.971962	35.500542	19.722523	0.216447
645	73257	0.004519	0.073025	0.272884	0.083999	0.840542	1.295600	0.988782	0.148637	1.074320	0.081366	5.493500	1.346855	0.172685	0.814374	0.508551	0.008854	0.112842	0.971962	35.500542	19.722523	0.216447
646	73257	0.004519	0.073025	0.272884	0.083999	0.840542	1.295600	0.988782	0.148637	1.074320	0.081366	5.493500	1.346855	0.172685	0.814374	0.508551	0.008854	0.112842	0.971962	35.500542	19.722523	0.216447
647	73257	0.004519	0.073025	0.272884	0.083999	0.840542	1.295600	0.988782	0.148637	1.074320	0.081366	5.493500	1.346855	0.172685	0.814374	0.508551	0.008854	0.112842	0.971962	35.500542	19.722523	0.216447
648	73257	0.004519	0.073025	0.272884	0.083999	0.840542	1.295600	0.988782	0.148637	1.074320	0.081366	5.493500	1.346855	0.172685	0.814374	0.508551	0.008854	0.112842	0.971962	35.500542	19.722523	0.216447
649	73257	0.004519	0.073025	0.272884	0.083999	0.840542	1.295600	0.988782	0.148637	1.074320	0.081366	5.493500	1.346855	0.172685	0.814374	0.508551	0.008854	0.112842	0.971962	35.500542	19.722523	0.216447
650	73257	0.004519	0.073025	0.272884	0.083999	0.840542	1.295600	0.988782	0.148637	1.074320	0.081366	5.493500	1.346855	0.172685	0.814374	0.508551	0.008854	0.112842	0.971962	35.500542	19.722523	0.216447
651	73257	0.004519	0.073025	0.272884	0.083999	0.840542	1.295600	0.988782	0.148637	1.074320	0.081366	5.493500	1.346855	0.172685	0.814374	0.508551	0.008854	0.112842	0.971962	35.500542	19.722523	0.216447
652	73257	0.004519	0.073025	0.272884	0.083999	0.840542	1.295600	0.988782	0.148637	1.074320	0.081366	5.493500	1.346855	0.172685	0.814374	0.508551	0.008854	0.112842	0.971962	35.500542	19.722523	0.216447
653	73257	0.004519	0.073025	0.272884	0.083999	0.840542	1.295600	0.988782	0.148637	1.074320	0.081366	5.493500	1.346855	0.172685	0.814374	0.508551	0.008854	0.112842	0.971962	35.500542	19.722523	0.216447
654	73257	0.004519	0.073025	0.272884	0.083999	0.840542	1.295600	0.988782	0.148637	1.074320	0.081366	5.493500	1.346855	0.172685	0.814374	0.508551	0.008854	0.112842	0.971962	35.500542	19.722523	0.216447
655	73257	0.004519	0.073025	0.272884	0.083999	0.840542	1.295600	0.988782	0.148637	1.074320	0.081366	5.493500	1.346855	0.172685	0.814374	0.508551	0.008854	0.112842	0.971962	35.500542	19.722523	0.216447
656	73257	0.004519	0.073025	0.272884	0.083999	0.840542	1.295600	0.988782	0.148637	1.074320	0.081366	5.493500	1.346855	0.172685	0.814374	0.508551	0.008854	0.112842	0.971962	35.500542	19.722523	0.216447
657	73257	0.004519	0.073025	0.272884	0.083999	0.840542	1.295600	0.988782	0.148637	1.074320	0.081366	5.493500	1.346855	0.172685	0.814374	0.508551	0.008854	0.112842	0.971962	35.500542	19.722523	0.216447
658	73257	0.004519	0.073025	0.272884	0.083999	0.840542	1.295600	0.988782	0.148637	1.074320	0.081366	5.493500	1.346855	0.172685	0.814374	0.508551	0.008854	0.112842	0.971962	35.500542	19.722523	0.216447
659	73257	0.004519	0.073025	0.272884	0.083999	0.840542	1.295600	0.988782	0.148637	1.074320	0.081366	5.493500	1.346855	0.172685	0.814374	0.508551	0.008854	0.112842	0.971962	35.500542	19.722523	0.216447
660	73257	0.004519	0.073025	0.272884	0.083999	0.840542	1.295600	0.988782	0.148637	1.074320	0.081366	5.493500	1.346855	0.172685	0.814374	0.508551	0.008854	0.112842	0.971962	35.500542	19.722523	0.216447
661	73257	0.004519	0.073025	0.272884	0.083999	0.840542	1.295600	0.988782	0.148637	1.074320	0.081366	5.493500	1.346855	0.172685	0.814374	0.508551	0.008854	0.112842	0.971962	35.500542	19.722523	0.216447
662	73257	0.004519	0.073025	0.272884	0.083999	0.840542	1.295600	0.988782	0.148637	1.074320	0.081366	5.493500	1.346855	0.172685	0.814374	0.508551	0.008854	0.112842	0.971962	35.500542	19.722523	0.216447
663	73257	0.004519	0.073025	0.272884	0.083999	0.840542	1.295600	0.988782	0.148637	1.074320	0.081366	5.493500	1.346855	0.172685	0.814374	0.508551	0.008854	0.112842	0.971962	35.500542	19.722523	0.216447
664	73257	0.004519	0.073025	0.272884	0.083999	0.840542	1.295600	0.988782	0.148637	1.074320	0.081366	5.493500	1.346855	0.172685	0.814374	0.508551	0.008854	0.112842	0.971962	35.500542	19.722523	0.216447
665	73257	0.004519	0.073025	0.272884	0.083999	0.840542	1.295600	0.988782	0.148637	1.074320	0.081366	5.493500	1.346855	0.172685	0.814374	0.508551	0.008854	0.112842	0.971962	35.500542	19.722523	0.216447
666	73257	0.004519	0.073025	0.272884	0.083999	0.840542	1.295600	0.988782	0.148637	1.074320	0.081366	5.493500	1.346855	0.172685	0.814374	0.508551	0.008854	0.112842	0.971962	35.500542	19.722523	0.216447
667	73257	0.004519	0.073025	0.272884	0.083999	0.840542	1.295600	0.988782	0.148637	1.074320	0.081366	5.493500	1.346855	0.172685	0.814374	0.508551	0.008854	0.112842	0.971962	35.500542	19.722523	0.216447
668	73257	0.004519	0.073025	0.272884	0.083999	0.840542	1.295600	0.988782	0.148637	1.074320	0.081366	5.493500	1.346855	0.172685	0.814374	0.508551	0.008854	0.112842	0.971962	35.500542	19.722523	0.216447
669	73257	0.004519	0.073025	0.272884	0.083999	0.840542	1.295600	0.988782	0.148637	1.074320	0.081366	5.493500	1.346855	0.172685	0.814374	0.508551	0.008854	0.112842	0.971962	35.500542	19.722523	0.216447
670	73257	0.004519	0.073025	0.272884	0.083999	0.840542	1.295600	0.988782	0.148637	1.074320	0.081366	5.493500	1.346855	0.172685	0.814374	0.508551	0.008854	0.112842	0.971962	35.500542	19.722523	0.216447
671	73257	0.004519	0.073025	0.272884	0.083999	0.840542	1.295600	0.988782	0.148637	1.074320	0.081366	5.493500	1.346855	0.172685	0.814374	0.508551	0.008854	0.112842	0.971962	35.500542	19.722523	0.216447
672	73257	0.004519	0.073025	0.272884	0.083999	0.840542	1.295600	0.988782	0.148637	1.074320	0.081366	5.493500	1.346855	0.172685	0.814374	0.508551	0.008854	0.112842	0.971962	35.500542	19.722523	0.216447
673	73257	0.004519	0.073025	0.272884	0.083999	0.840542	1.295600	0.988782	0.148637	1.074320	0.081366	5.493500	1.346855	0.172685	0.814374	0.508551	0.008854	0.112842	0.971962	35.500542	19.722523	0.216447
674	73257	0.004519	0.073025	0.272884	0.083999	0.840542	1.295600	0.988782	0.148637	1.074320	0.081366	5.493500	1.346855	0.172685	0.814374	0.508551	0.008854	0.112842	0.971962	35.500542	19.722523	0.216447
675	73257	0.004519	0.073025	0.272884	0.083999	0.840542	1.295600	0.988782	0.148637	1.074320	0.081366	5.493500	1.346855	0.172685	0.814374	0.508551	0.008854	0.112842	0.971962	35.500542	19.722523	0.216447
676	73257	0.004519	0.073025	0.272884	0.083999	0.840542	1.295600	0.988782	0.148637	1.074320	0.081366	5.493500	1.346855	0.172685	0.814374	0.508551	0.008854	0.112842	0.971962	35.500542	19.722523	0.216447
677	73257	0.004519	0.073025	0.272884	0.083999	0.840542	1.295600	0.988782	0.148637	1.074320	0.081366	5.493500	1.346855	0.172685	0.814374	0.508551	0.008854	0.112842	0.971962	35.500542	19.722523	0.216447
678	73257	0.004519	0.073025	0.272884	0.083999	0.840542	1.295600	0.988782	0.148637	1.074320	0.081366	5.493500	1.346855	0.172685	0.814374	0.508551	0.008854	0.112842	0.971962	35.500542	19.722523	0.216447
679	73257	0.004519	0.073025	0.272884	0.083999	0.840542	1.295600	0.988782	0.148637	1.074320	0.081366	5.493500	1.346855	0.172685	0.814374	0.508551	0.008854	0.112842	0.971962	35.500542	19.722523	0.216447
680	73257	0.004519	0.073025	0.272884	0.083999	0.840542	1.295600	0.988782	0.148637	1.074320	0.081366	5.493500	1.346855	0.172685	0.814374	0.508551	0.008854	0.112842	0.971962	35.500542	19.722523	0.216447
681	73257	0.004519	0.073025	0.272884	0.083999	0.840542	1.295600	0.988782	0.148637	1.074320	0.081366	5.493500	1.346855	0.172685	0.814374	0.508551	0.008854	0.112842	0.971962	35.500542	19.722523	0.216447
682	73257	0.004519	0.073025	0.272884	0.083999	0.840542	1.295600	0.988782	0.148637	1.074320	0.081366	5.493500	1.346855	0.172685	0.814374	0.508551	0.008854	0.112842	0.971962	35.500542	19.722523	0.216447
683	73257	0.004519	0.073025	0.272884	0.083999	0.840542	1.295600	0.988782	0.148637	1.074320	0.081366	5.493500	1.346855	0.172685	0.814374	0.508551	0.008854	0.112842	0.971962	35.500542	19.722523	0.216447
684	73257	0.004519	0.073025	0.272884	0.083999	0.840542	1.295600	0.988782	0.148637	1.074320	0.081366	5.493500	1.346855	0.172685	0.814374	0.508551	0.008854	0.112842	0.971962	35.500542	19.722523	0.216447
685	73257	0.004519	0.073025	0.272884	0.083999	0.840542	1.295600	0.988782	0.148637	1.074320	0.081366	5.493500	1.346855	0.172685	0.814374	0.508551	0.008854	0.112842	0.971962	35.500542	19.722523	0.216447
686	73257	0.004519	0.073025	0.272884	0.083999	0.840542	1.295600	0.988782	0.148637	1.074320	0.081366	5.493500	1.346855	0.172685	0.814374	0.508551	0.008854	0.112842	0.971962	35.500542	19.722523	0.216447
687	73257	0.004519	0.073025	0.272884	0.083999	0.840542	1.295600	0.988782	0.148637	1.074320	0.081366	5.493500	1.346855	0.172685	0.814374	0.508551	0.008854	0.112842	0.971962	35.500542	19.722523	0.216447
688	73257	0.004519	0.073025	0.272884	0.083999	0.840542	1.295600	0.988782	0.148637	1.074320	0.081366	5.493500	1.346855	0.172685	0.814374	0.508551	0.008854	0.112842	0.971962	35.500542	19.722523	0.216447
689	73257	0.004519	0.073025	0.272884	0.083999	0.840542	1.295600	0.988782	0.148637	1.074320	0.081366	5.493500	1.346855	0.172685	0.814374	0.508551	0.008854	0.112842	0.971962	35.500542	19.722523	0.216447
690	73257	0.004519	0.073025	0.272884	0.083999	0.840542	1.295600	0.988782	0.148637	1.074320	0.081366	5.493500	1.346855	0.172685	0.814374	0.508551	0.008854	0.112842	0.971962	35.500542	19.722523	0.216447
691	73257	0.004519	0.073025	0.272884	0.083999	0.840542	1.295600	0.988782	0.148637	1.074320	0.081366	5.493500	1.346855	0.172685	0.814374	0.508551	0.008854	0.112842	0.971962	35.500542	19.722523	0.216447
692	73257	0.004519	0.073025	0.272884	0.083999	0.840542	1.295600	0.988782	0.148637	1.074320	0.081366	5.493500	1.346855	0.172685	0.814374	0.508551	0.008854	0.112842	0.971962	35.500542	19.722523	0.216447
693	73257	0.004519	0.073025	0.272884	0.083999	0.840542	1.295600	0.988782	0.148637	1.074320	0.081366	5.493500	1.346855	0.172685	0.814374	0.508551	0.008854	0.112842	0.971962	35.500542	19.722523	0.216447
694	73257	0.004519	0.073025	0.272884	0.083999	0.840542	1.295600	0.988782	0.148637	1.074320	0.081366	5.493500	1.346855	0.172685	0.814374	0.508551	0.008854	0.112842	0.971962	35.500542	19.722523	0.216447
695	73257	0.004519	0.073025	0.272884	0.083999	0.840542	1.295600	0.988782	0.148637	1.074320	0.081366	5.493500	1.346855	0.172685	0.814374	0.508551	0.008854	0.112842	0.971962	35.500542	19.722523	0.216447
696	73257	0.004519	0.073025	0.272884	0.083999	0.840542	1.295600	0.988782	0.148637	1.074320	0.081366	5.493500	1.346855	0.172685	0.814374	0.508551	0.008854	0.112842	0.971962	35.500542	19.722523	0.216447
697	73257	0.004519	0.073025	0.272884	0.083999	0.840542	1.295600	0.988782	0.148637	1.074320	0.081366	5.493500	1.346855	0.172685	0.814374	0.508551	0.008854	0.112842	0.971962	35.500542	19.722523	0.216447
698	73257	0.004519	0.073025	0.272884	0.083999	0.840542	1.295600	0.988782	0.148637	1.074320	0.081366	5.493500	1.346855	0.172685	0.814374	0.508551	0.008854	0.112842	0.971962	35.500542	19.722523	0.216447
699	73257	0.004519	0.073025	0.272884	0.083999	0.840542	1.295600	0.988782	0.148637	1.074320	0.081366	5.493500	1.346855	0.172685	0.814374	0.508551	0.008854	0.112842	0.971962	35.500542	19.722523	0.216447
700	73257	0.004519	0.073025	0.272884	0.083999	0.840542	1.295600	0.988782	0.148637	1.074320	0.081366	5.493500	1.346855	0.172685	0.814374	0.508551	0.008854	0.112842	0.971962	35.500542	19.722523	0.216447
701	73257	0.004519	0.073025	0.272884	0.083999	0.840542	1.295600	0.988782	0.148637	1.074320	0.081366	5.493500	1.346855	0.172685	0.814374	0.508551	0.008854	0.112842	0.971962	35.500542	19.722523	0.216447
702	73257	0.004519	0.073025	0.272884	0.083999	0.840542	1.295600	0.988782	0.148637	1.074320	0.081366	5.493500	1.346855	0.172685	0.814374	0.508551	0.008854	0.112842	0.971962	35.500542	19.722523	0.216447
703	73257	0.004519	0.073025	0.272884	0.083999	0.840542	1.295600	0.988782	0.148637	1.074320	0.081366	5.493500	1.346855	0.172685	0.814374	0.508551	0.008854	0.112842	0.971962	35.500542	19.722523	0.216447
704	73257	0.004519	0.073025	0.272884	0.083999	0.840542	1.295600	0.988782	0.148637	1.074320	0.081366	5.493500	1.346855	0.172685	0.814374	0.508551	0.008854	0.112842	0.971962	35.500542	19.722523	0.216447
705	73257	0.004519	0.073025	0.272884	0.083999	0.840542	1.295600	0.988782	0.148637	1.074320	0.081366	5.493500	1.346855	0.172685	0.814374	0.508551	0.008854	0.112842	0.971962	35.500542	19.722523	0.216447
706	73257	0.004519	0.073025	0.272884	0.083999	0.840542	1.295600	0.988782	0.148637	1.074320	0.081366	5.493500	1.346855	0.172685	0.814374	0.508551	0.008854	0.112842	0.971962	35.500542	19.722523	0.216447
707	73257	0.004519	0.073025	0.272884	0.083999	0.840542	1.295600	0.988782	0.148637	1.074320	0.081366	5.493500	1.346855	0.172685	0.814374	0.508551	0.008854	0.112842	0.971962	35.500542	19.722523	0.216447
708	73257	0.004519	0.073025	0.272884	0.083999	0.840542	1.295600	0.988782	0.148637	1.074320	0.081366	5.493500	1.346855	0.172685	0.814374	0.508551	0.008854	0.112842	0.971962	35.500542	19.722523	0.216447
709	73257	0.004519	0.073025	0.272884	0.083999	0.840542	1.295600	0.988782	0.148637	1.074320	0.081366	5.493500	1.346855	0.172685	0.814374	0.508551	0.008854	0.112842	0.971962	35.500542	19.722523	0.216447
710	73257	0.004519	0.073025	0.272884	0.083999	0.840542	1.295600	0.988782	0.148637	1.074320	0.081366	5.493500	1.346855	0.172685	0.814374	0.508551	0.008854	0.112842	0.971962	35.500542	19.722523	0.216447
711	73257	0.004519	0.073025	0.272884	0.083999	0.840542	1.295600	0.988782	0.148637	1.074320	0.081366	5.493500	1.346855	0.172685	0.814374	0.508551	0.008854	0.112842	0.971962	35.500542	19.722523	0.216447
712	73257	0.004519	0.073025	0.272884	0.083999	0.840542	1.295600	0.988782	0.148637	1.074320	0.081366	5.493500	1.346855	0.172685	0.814374	0.508551	0.008854	0.112842	0.971962	35.500542	19.722523	0.216447
713	73257	0.004519	0.073025	0.272884	0.083999	0.840542	1.295600	0.988782	0.148637	1.074320	0.081366	5.493500	1.346855	0.172685	0.814374	0.508551	0.008854	0.112842	0.971962	35.500542	19.722523	0.216447
714	73257	0.004519	0.073025	0.272884	0.083999	0.840542	1.295600	0.988782	0.148637	1.074320	0.081366	5.493500	1.346855	0.172685	0.814374	0.508551	0.008854	0.112842	0.971962	35.500542	19.722523	0.216447
715	73257	0.004519	0.073025	0.272884	0.083999	0.840542	1.295600	0.988782	0.148637	1.074320	0.081366	5.493500	1.346855	0.172685	0.814374	0.508551	0.008854	0.112842	0.971962	35.500542	19.722523	0.216447
716	73257	0.004519	0.073025	0.272884	0.083999	0.840542	1.295600	0.988782	0.148637	1.074320	0.081366	5.493500	1.346855	0.172685	0.814374	0.508551	0.008854	0.112842	0.971962	35.500542	19.722523	0.216447
717	73257	0.004519	0.073025	0.272884	0.083999	0.840542	1.295600	0.988782	0.148637	1.074320	0.081366	5.493500	1.346855	0.172685	0.814374	0.508551	0.008854	0.112842	0.971962	35.500542	19.722523	0.216447
718	73257	0.004519	0.073025	0.272884	0.083999	0.840542	1.295600	0.988782	0.148637	1.074320	0.081366	5.493500	1.346855	0.172685	0.814374	0.508551	0.008854	0.112842	0.971962	35.500542	19.722523	0.216447
719	73257	0.004519	0.073025	0.272884	0.083999	0.840542	1.295600	0.988782	0.148637	1.074320	0.081366	5.493500	1.346855	0.172685	0.814374	0.508551	0.008854	0.112842	0.971962	35.500542	19.722523	0.216447
720	73257	0.004519	0.073025	0.272884	0.083999	0.840542	1.295600	0.988782	0.148637	1.074320	0.081366	5.493500	1.346855	0.172685	0.814374	0.508551	0.008854	0.112842	0.971962	35.500542	19.722523	0.216447
721	73257	0.004519	0.073025	0.272884	0.083999	0.840542	1.295600	0.988782	0.148637	1.074320	0.081366	5.493500	1.346855	0.172685	0.814374	0.508551	0.008854	0.112842	0.971962	35.500542	19.722523	0.216447
722	73257	0.004519	0.073025	0.272884	0.083999	0.840542	1.295600	0.988782	0.148637	1.074320	0.081366	5.493500	1.346855	0.172685	0.814374	0.508551	0.008854	0.112842	0.971962	35.500542	19.722523	0.216447
723	73257	0.004519	0.073025	0.272884	0.083999	0.840542	1.295600	0.988782	0.148637	1.074320	0.081366	5.493500	1.346855	0.172685	0.814374	0.508551	0.008854	0.112842	0.971962	35.500542	19.722523	0.216447
724	73257	0.004519	0.073025	0.272884	0.083999	0.840542	1.295600	0.988782	0.148637	1.074320	0.081366	5.493500	1.346855	0.172685	0.814374	0.508551	0.008854	0.112842	0.971962	35.500542	19.722523	0.216447
725	73257	0.004519	0.073025	0.272884	0.083999	0.840542	1.295600	0.988782	0.148637	1.074320	0.081366	5.493500	1.346855	0.172685	0.814374	0.508551	0.008854	0.112842	0.971962	35.500542	19.722523	0.216447
726	73257	0.004519	0.073025	0.272884	0.083999	0.840542	1.295600	0.988782	0.148637	1.074320	0.081366	5.493500	1.346855	0.172685	0.814374	0.508551	0.008854	0.112842	0.971962	35.500542	19.722523	0.216447
727	73257	0.004519	0.073025	0.272884	0.083999	0.840542	1.295600	0.988782	0.148637	1.074320	0.081366	5.493500	1.346855	0.172685	0.814374	0.508551	0.008854	0.112842	0.971962	35.500542	19.722523	0.216447
728	73257	0.004519	0.073025	0.272884	0.083999	0.840542	1.295600	0.988782	0.148637	1.074320	0.081366	5.493500	1.346855	0.172685	0.814374	0.508551	0.008854	0.112842	0.971962	35.500542	19.722523	0.216447
729	73257	0.004519	0.073025	0.272884	0.083999	0.840542	1.295600	0.988782	0.148637	1.074320	0.081366	5.493500	1.346855	0.172685	0.814374	0.508551	0.008854	0.112842	0.971962	35.500542	19.722523	0.216447
730	73257	0.004519	0.073025	0.272884	0.083999	0.840542	1.295600	0.988782	0.148637	1.074320	0.081366	5.493500	1.346855	0.172685	0.814374	0.508551	0.008854	0.112842	0.971962	35.500542	19.722523	0.216447
731	73257	0.004519	0.073025	0.272884	0.083999	0.840542	1.295600	0.988782	0.148637	1.074320	0.081366	5.493500	1.346855	0.172685	0.814374	0.508551	0.008854	0.112842	0.971962	35.500542	19.722523	0.216447
732	73257	0.004519	0.073025	0.272884	0.083999	0.840542	1.295600	0.988782	0.148637	1.074320	0.081366	5.493500	1.346855	0.172685	0.814374	0.508551	0.008854	0.112842	0.971962	35.500542	19.722523	0.216447
733	73257	0.004519	0.073025	0.272884	0.083999	0.840542	1.295600	0.988782	0.148637	1.074320	0.081366	5.493500	1.346855	0.172685	0.814374	0.508551	0.008854	0.112842	0.971962	35.500542	19.722523	0.216447
734	73257	0.004519	0.073025	0.272884	0.083999	0.840542	1.295600	0.988782	0.148637	1.074320	0.081366	5.493500	1.346855	0.172685	0.814374	0.508551	0.008854	0.112842	0.971962	35.500542	19.722523	0.216447
735	73257	0.004519	0.073025	0.272884	0.083999	0.840542	1.295600	0.988782	0.148637	1.074320	0.081366	5.493500	1.346855	0.172685	0.814374	0.508551	0.008854	0.112842	0.971962	35.500542	19.722523	0.216447
736	73257	0.004519	0.073025	0.272884	0.083999	0.840542	1.295600	0.988782	0.148637	1.074320	0.081366	5.493500	1.346855	0.172685	0.814374	0.508551	0.008854	0.112842	0.971962	35.500542	19.722523	0.216447
737	73257	0.004519	0.073025	0.272884	0.083999	0.840542	1.295600	0.988782	0.148637	1.074320	0.081366	5.493500	1.346855	0.172685	0.814374	0.508551	0.008854	0.112842	0.971962	35.500542	19.722523	0.216447
738	73257	0.004519	0.073025	0.272884	0.083999	0.840542	1.295600	0.988782	0.148637	1.074320	0.081366	5.493500	1.346855	0.172685	0.814374	0.508551	0.008854	0.112842	0.971962	35.500542	19.722523	0.216447
739	73257	0.004519	0.073025	0.272884	0.083999	0.840542	1.295600	0.988782	0.148637	1.074320	0.081366	5.493500	1.346855	0.172685	0.814374	0.508551	0.008854	0.112842	0.971962	35.500542	19.722523	0.216447
740	73257	0.004519	0.073025	0.272884	0.083999	0.840542	1.295600	0.988782	0.148637	1.074320	0.081366	5.493500	1.346855	0.172685	0.814374	0.508551	0.008854	0.112842	0.971962	35.500542	19.722523	0.216447
741	73257	0.004519	0.073025	0.272884	0.083999	0.840542	1.295600	0.988782	0.148637	1.074320	0.081366	5.493500	1.346855	0.172685	0.814374	0.508551	0.008854	0.112842	0.971962	35.500542	19.722523	0.216447
742	73257	0.004519	0.073025	0.272884	0.083999	0.840542	1.295600	0.988782	0.148637	1.074320	0.081366	5.493500	1.346855	0.172685	0.814374	0.508551	0.008854	0.112842	0.971962	35.500542	19.722523	0.216447
743	73257	0.004519	0.073025	0.272884	0.083999	0.840542	1.295600	0.988782	0.148637	1.074320	0.081366	5.493500	1.346855	0.172685	0.814374	0.508551	0.008854	0.112842	0.971962	35.500542	19.722523	0.216447
744	73257	0.004519	0.073025	0.272884	0.083999	0.840542	1.295600	0.988782	0.148637	1.074320	0.081366	5.493500	1.346855	0.172685	0.814374	0.508551	0.008854	0.112842	0.971962	35.500542	19.722523	0.216447
745	73257	0.004519	0.073025	0.272884	0.083999	0.840542	1.295600	0.988782	0.148637	1.074320	0.081366	5.493500	1.346855	0.172685	0.814374	0.508551	0.008854	0.112842	0.971962	35.500542	19.722523	0.216447
746	73257	0.004519	0.073025	0.272884	0.083999	0.840542	1.295600	0.988782	0.148637	1.074320	0.081366	5.493500	1.346855	0.172685	0.814374	0.508551	0.008854	0.112842	0.971962	35.500542	19.722523	0.216447
747	73257	0.004519	0.073025	0.272884	0.083999	0.840542	1.295600	0.988782	0.148637	1.074320	0.081366	5.493500	1.346855	0.172685	0.814374	0.508551	0.008854	0.112842	0.971962	35.500542	19.722523	0.216447
748	73257	0.004519	0.073025	0.272884	0.083999	0.840542	1.295600	0.988782	0.148637	1.074320	0.081366	5.493500	1.346855	0.172685	0.814374	0.508551	0.008854	0.112842	0.971962	35.500542	19.722523	0.216447
749	73257	0.004519	0.073025	0.272884	0.083999	0.840542	1.295600	0.988782	0.148637	1.074320	0.081366	5.493500	1.346855	0.172685	0.814374	0.508551	0.008854	0.112842	0.971962	35.500542	19.722523	0.216447
750	73257	0.004519	0.073025	0.272884	0.083999	0.840542	1.295600	0.988782	0.148637	1.074320	0.081366	5.493500	1.346855	0.172685	0.814374	0.508551	0.008854	0.112842	0.971962	35.500542	19.722523	0.216447
751	73257	0.004519	0.073025	0.272884	0.083999	0.840542	1.295600	0.988782	0.148637	1.074320	0.081366	5.493500	1.346855	0.172685	0.814374	0.508551	0.008854	0.112842	0.971962	35.500542	19.722523	0.216447
752	73257	0.004519	0.073025	0.272884	0.083999	0.840542	1.295600	0.988782	0.148637	1.074320	0.081366	5.493500	1.346855	0.172685	0.814374	0.508551	0.008854	0.112842	0.971962	35.500542	19.722523	0.216447
753	73257	0.004519	0.073025	0.272884	0.083999	0.840542	1.295600	0.988782	0.148637	1.074320	0.081366	5.493500	1.346855	0.172685	0.814374	0.508551	0.008854	0.112842	0.971962	35.500542	19.722523	0.216447
754	73257	0.004519	0.073025	0.272884	0.083999	0.840542	1.295600	0.988782	0.148637	1.074320	0.081366	5.493500	1.346855	0.172685	0.814374	0.508551	0.008854	0.112842	0.971962	35.500542	19.722523	0.216447
755	73257	0.004519	0.073025	0.272884	0.083999	0.840542	1.295600	0.988782	0.148637	1.074320	0.081366	5.493500	1.346855	0.172685	0.814374	0.508551	0.008854	0.112842	0.971962	35.500542	19.722523	0.216447
756	73257	0.004519	0.073025	0.272884	0.083999	0.840542	1.295600	0.988782	0.148637	1.074320	0.081366	5.493500	1.346855	0.172685	0.814374	0.508551	0.008854	0.112842	0.971962	35.500542	19.722523	0.216447
757	73257	0.004519	0.073025	0.272884	0.083999	0.840542	1.295600	0.988782	0.148637	1.074320	0.081366	5.493500	1.346855	0.172685	0.814374	0.508551	0.008854	0.112842	0.971962	35.500542	19.722523	0.216447
758	73257	0.004519	0.073025	0.272884	0.083999	0.840542	1.295600	0.988782	0.148637	1.074320	0.081366	5.493500	1.346855	0.172685	0.814374	0.508551	0.008854	0.112842	0.971962	35.500542	19.722523	0.216447
759	73257	0.004519	0.073025	0.272884	0.083999	0.840542	1.295600	0.988782	0.148637	1.074320	0.081366	5.493500	1.346855	0.172685	0.814374	0.508551	0.008854	0.112842	0.971962	35.500542	19.722523	0.216447
760	73257	0.004519	0.073025	0.272884	0.083999	0.840542	1.295600	0.988782	0.148637	1.074320	0.081366	5.493500	1.346855	0.172685	0.814374	0.508551	0.008854	0.112842	0.971962	35.500542	19.722523	0.216447
761	73257	0.004519	0.073025	0.272884	0.083999	0.840542	1.295600	0.988782	0.148637	1.074320	0.081366	5.493500	1.346855	0.172685	0.814374	0.508551	0.008854	0.112842	0.971962	35.500542	19.722523	0.216447
762	73257	0.004519	0.073025	0.272884	0.083999	0.840542	1.295600	0.988782	0.148637	1.074320	0.081366	5.493500	1.346855	0.172685	0.814374	0.508551	0.008854	0.112842	0.971962	35.500542	19.722523	0.216447
763	73257	0.004519	0.073025	0.272884	0.083999	0.840542	1.295600	0.988782	0.148637	1.074320	0.081366	5.493500	1.346855	0.172685	0.814374	0.508551	0.008854	0.112842	0.971962	35.500542	19.722523	0.216447
764	73257	0.004519	0.073025	0.272884	0.083999	0.840542	1.295600	0.988782	0.148637	1.074320	0.081366	5.493500	1.346855	0.172685	0.814374	0.508551	0.008854	0.112842	0.971962	35.500542	19.722523	0.216447
765	73257	0.004519	0.073025	0.272884	0.083999	0.840542	1.295600	0.988782	0.148637	1.074320	0.081366	5.493500	1.346855	0.172685	0.814374	0.508551	0.008854	0.112842	0.971962	35.500542	19.722523	0.216447
766	73257	0.004519	0.073025	0.272884	0.083999	0.840542	1.295600	0.988782	0.148637	1.074320	0.081366	5.493500	1.346855	0.172685	0.814374	0.508551	0.008854	0.112842	0.971962	35.500542	19.722523	0.216447
767	73257	0.004519	0.073025	0.272884	0.083999	0.840542	1.295600	0.988782	0.148637	1.074320	0.081366	5.493500	1.346855	0.172685	0.814374	0.508551	0.008854	0.112842	0.971962	35.500542	19.722523	0.216447
768	73257	0.004519	0.073025	0.272884	0.083999	0.840542	1.295600	0.988782	0.148637	1.074320	0.081366	5.493500	1.346855	0.172685	0.814374	0.508551	0.008854	0.112842	0.971962	35.500542	19.722523	0.216447
769	73257	0.004519	0.073025	0.272884	0.083999	0.840542	1.295600	0.988782	0.148637	1.074320	0.081366	5.493500	1.346855	0.172685	0.814374	0.508551	0.008854	0.112842	0.971962	35.500542	19.722523	0.216447
770	73257	0.004519	0.073025	0.272884	0.083999	0.840542	1.295600	0.988782	0.148637	1.074320	0.081366	5.493500	1.346855	0.172685	0.814374	0.508551	0.008854	0.112842	0.971962	35.500542	19.722523	0.216447
771	73257	0.004519	0.073025	0.272884	0.083999	0.840542	1.295600	0.988782	0.148637	1.074320	0.081366	5.493500	1.346855	0.172685	0.814374	0.508551	0.008854	0.112842	0.971962	35.500542	19.722523	0.216447
772	73257	0.004519	0.073025	0.272884	0.083999	0.840542	1.295600	0.988782	0.148637	1.074320	0.081366	5.493500	1.346855	0.172685	0.814374	0.508551	0.008854	0.112842	0.971962	35.500542	19.722523	0.216447
773	73257	0.004519	0.073025	0.272884	0.083999	0.840542	1.295600	0.988782	0.148637	1.074320	0.081366	5.493500	1.346855	0.172685	0.814374	0.508551	0.008854	0.112842	0.971962	35.500542	19.722523	0.216447
774	73257	0.004519	0.073025	0.272884	0.083999	0.840542	1.295600	0.988782	0.148637	1.074320	0.081366	5.493500	1.346855	0.172685	0.814374	0.508551	0.008854	0.112842	0.971962	35.500542	19.722523	0.216447
775	73257	0.004519	0.073025	0.272884	0.083999	0.840542	1.295600	0.988782	0.148637	1.074320	0.081366	5.493500	1.346855	0.172685	0.814374	0.508551	0.008854	0.112842	0.971962	35.500542	19.722523	0.216447
776	73257	0.004519	0.073025	0.272884	0.083999	0.840542	1.295600	0.988782	0.148637	1.074320	0.081366	5.493500	1.346855	0.172685	0.814374	0.508551	0.008854	0.112842	0.971962	35.500542	19.722523	0.216447
777	73257	0.004519	0.073025	0.272884	0.083999	0.840542	1.295600	0.988782	0.148637	1.074320	0.081366	5.493500	1.346855	0.172685	0.814374	0.508551	0.008854	0.112842	0.971962	35.500542	19.722523	0.216447
778	73257	0.004519	0.073025	0.272884	0.083999	0.840542	1.295600	0.988782	0.148637	1.074320	0.081366	5.493500	1.346855	0.172685	0.814374	0.508551	0.008854	0.112842	0.971962	35.500542	19.722523	0.216447
779	73257	0.004519	0.073025	0.272884	0.083999	0.840542	1.295600	0.988782	0.148637	1.074320	0.081366	5.493500	1.346855	0.172685	0.814374	0.508551	0.008854	0.112842	0.971962	35.500542	19.722523	0.216447
780	73257	0.004519	0.073025	0.272884	0.083999	0.840542	1.295600	0.988782	0.148637	1.074320	0.081366	5.493500	1.346855	0.172685	0.814374	0.508551	0.008854	0.112842	0.971962	35.500542	19.722523	0.216447
781	73257	0.004519	0.073025	0.272884	0.083999	0.840542	1.295600	0.988782	0.148637	1.074320	0.081366	5.493500	1.346855	0.172685	0.814374	0.508551	0.008854	0.112842	0.971962	35.500542	19.722523	0.216447
782	73257	0.004519	0.073025	0.272884	0.083999	0.840542	1.295600	0.988782	0.148637	1.074320	0.081366	5.493500	1.346855	0.172685	0.814374	0.508551	0.008854	0.112842	0.971962	35.500542	19.722523	0.216447
783	73257	0.004519	0.073025	0.272884	0.083999	0.840542	1.295600	0.988782	0.148637	1.074320	0.081366	5.493500	1.346855	0.172685	0.814374	0.508551	0.008854	0.112842	0.971962	35.500542	19.722523	0.216447
784	73257	0.004519	0.073025	0.272884	0.083999	0.840542	1.295600	0.988782	0.148637	1.074320	0.081366	5.493500	1.346855	0.172685	0.814374	0.508551	0.008854	0.112842	0.971962	35.500542	19.722523	0.216447
785	73257	0.004519	0.073025	0.272884	0.083999	0.840542	1.295600	0.988782	0.148637	1.074320	0.081366	5.493500	1.346855	0.172685	0.814374	0.508551	0.008854	0.112842	0.971962	35.500542	19.722523	0.216447
786	73257	0.004519	0.073025	0.272884	0.083999	0.840542	1.295600	0.988782	0.148637	1.074320	0.081366	5.493500	1.346855	0.172685	0.814374	0.508551	0.008854	0.112842	0.971962	35.500542	19.722523	0.216447
787	73257	0.004519	0.073025	0.272884	0.083999	0.840542	1.295600	0.988782	0.148637	1.074320	0.081366	5.493500	1.346855	0.172685	0.814374	0.508551	0.008854	0.112842	0.971962	35.500542	19.722523	0.216447
788	73257	0.004519	0.073025	0.272884	0.083999	0.840542	1.295600	0.988782	0.148637	1.074320	0.081366	5.493500	1.346855	0.172685	0.814374	0.508551	0.008854	0.112842	0.971962	35.500542	19.722523	0.216447
789	73257	0.004519	0.073025	0.272884	0.083999	0.840542	1.295600	0.988782	0.148637	1.074320	0.081366	5.493500	1.346855	0.172685	0.814374	0.508551	0.008854	0.112842	0.971962	35.500542	19.722523	0.216447
790	73257	0.004519	0.073025	0.272884	0.083999	0.840542	1.295600	0.988782	0.148637	1.074320	0.081366	5.493500	1.346855	0.172685	0.814374	0.508551	0.008854	0.112842	0.971962	35.500542	19.722523	0.216447
791	73257	0.004519	0.073025	0.272884	0.083999	0.840542	1.295600	0.988782	0.148637	1.074320	0.081366	5.493500	1.346855	0.172685	0.814374	0.508551	0.008854	0.112842	0.971962	35.500542	19.722523	0.216447
792	73257	0.004519	0.073025	0.272884	0.083999	0.840542	1.295600	0.988782	0.148637	1.074320	0.081366	5.493500	1.346855	0.172685	0.814374	0.508551	0.008854	0.112842	0.971962	35.500542	19.722523	0.216447
793	73257	0.004519	0.073025	0.272884	0.083999	0.840542	1.295600	0.988782	0.148637	1.074320	0.081366	5.493500	1.346855	0.172685	0.814374	0.508551	0.008854	0.112842	0.971962	35.500542	19.722523	0.216447
794	73257	0.004519	0.073025	0.272884	0.083999	0.840542	1.295600	0.988782	0.148637	1.074320	0.081366	5.493500	1.346855	0.172685	0.814374	0.508551	0.008854	0.112842	0.971962	35.500542	19.722523	0.216447
795	73257	0.004519	0.073025	0.272884	0.083999	0.840542	1.295600	0.988782	0.148637	1.074320	0.081366	5.493500	1.346855	0.172685	0.814374	0.508551	0.008854	0.112842	0.971962	35.500542	19.722523	0.216447
796	73257	0.004519	0.073025	0.272884	0.083999	0.840542	1.295600	0.988782	0.148637	1.074320	0.081366	5.493500	1.346855	0.172685	0.814374	0.508551	0.008854	0.112842	0.971962	35.500542	19.722523	0.216447
797	73257	0.004519	0.073025	0.272884	0.083999	0.840542	1.295600	0.988782	0.148637	1.074320	0.081366	5.493500	1.346855	0.172685	0.814374	0.508551	0.008854	0.112842	0.971962	35.500542	19.722523	0.216447
798	73257	0.004519	0.073025	0.272884	0.083999	0.840542	1.295600	0.988782	0.148637	1.074320	0.081366	5.493500	1.346855	0.172685	0.814374	0.508551	0.008854	0.112842	0.971962	35.500542	19.722523	0.216447
799	73257	0.004519	0.073025	0.272884	0.083999	0.840542	1.295600	0.988782	0.148637	1.074320	0.081366	5.493500	1.346855	0.172685	0.814374	0.508551	0.008854	0.112842	0.971962	35.500542	19.722523	0.216447
800	73257	0.004519	0.073025	0.272884	0.083999	0.840542	1.295600	0.988782	0.148637	1.074320	0.081366	5.493500	1.346855	0.172685	0.814374	0.508551	0.008854	0.112842	0.971962	35.500542	19.722523	0.216447
801	73257	0.004519	0.073025	0.272884	0.083999	0.840542	1.295600	0.988782	0.148637	1.074320	0.081366	5.493500	1.346855	0.172685	0.814374	0.508551	0.008854	0.112842	0.971962	35.500542	19.722523	0.216447
802	73257	0.004519	0.073025	0.272884	0.083999	0.840542	1.295600	0.988782	0.148637	1.074320	0.081366	5.493500	1.346855	0.172685	0.814374	0.508551	0.008854	0.112842	0.971962	35.500542	19.722523	0.216447
803	73257	0.004519	0.073025	0.272884	0.083999	0.840542	1.295600	0.988782	0.148637	1.074320	0.081366	5.493500	1.346855	0.172685	0.814374	0.508551	0.008854	0.112842	0.971962	35.500542	19.722523	0.216447
804	73257	0.004519	0.073025	0.272884	0.083999	0.840542	1.295600	0.988782	0.148637	1.074320	0.081366	5.493500	1.346855	0.172685	0.814374	0.508551	0.008854	0.112842	0.971962	35.500542	19.722523	0.216447
805	73257	0.004519	0.073025	0.272884	0.083999	0.840542	1.295600	0.988782	0.148637	1.074320	0.081366	5.493500	1.346855	0.172685	0.814374	0.508551	0.008854	0.112842	0.971962	35.500542	19.722523	0.216447
806	73257	0.004519	0.073025	0.272884	0.083999	0.840542	1.295600	0.988782	0.148637	1.074320	0.081366	5.493500	1.346855	0.172685	0.814374	0.508551	0.008854	0.112842	0.971962	35.500542	19.722523	0.216447
807	73257	0.004519	0.073025	0.272884	0.083999	0.840542	1.295600	0.988782	0.148637	1.074320	0.081366	5.493500	1.346855	0.172685	0.814374	0.508551	0.008854	0.112842	0.971962	35.500542	19.722523	0.216447
808	73257	0.004519	0.073025	0.272884	0.083999	0.840542	1.295600	0.988782	0.148637	1.074320	0.081366	5.493500	1.346855	0.172685	0.814374	0.508551	0.008854	0.112842	0.971962	35.500542	19.722523	0.216447
809	73257	0.004519	0.073025	0.272884	0.083999	0.840542	1.295600	0.988782	0.148637	1.074320	0.081366	5.493500	1.346855	0.172685	0.814374	0.508551	0.008854	0.112842	0.971962	35.500542	19.722523	0.216447
810	73257	0.004519	0.073025	0.272884	0.083999	0.840542	1.295600	0.988782	0.148637	1.074320	0.081366	5.493500	1.346855	0.172685	0.814374	0.508551	0.008854	0.112842	0.971962	35.500542	19.722523	0.216447
811	73257	0.004519	0.073025	0.272884	0.083999	0.840542	1.295600	0.988782	0.148637	1.074320	0.081366	5.493500	1.346855	0.172685	0.814374	0.508551	0.008854	0.112842	0.971962	35.500542	19.722523	0.216447
812	73257	0.004519	0.073025	0.272884	0.083999	0.840542	1.295600	0.988782	0.148637	1.074320	0.081366	5.493500	1.346855	0.172685	0.814374	0.508551	0.008854	0.112842	0.971962	35.500542	19.722523	0.216447
813	73257	0.004519	0.073025	0.272884	0.083999	0.840542	1.295600	0.988782	0.148637	1.074320	0.081366	5.493500	1.346855	0.172685	0.814374	0.508551	0.008854	0.112842	0.971962	35.500542	19.722523	0.216447
814	73257	0.004519	0.073025	0.272884	0.083999	0.840542	1.295600	0.988782	0.148637	1.074320	0.081366	5.493500	1.346855	0.172685	0.814374	0.508551	0.008854	0.112842	0.971962	35.500542	19.722523	0.216447
815	73257	0.004519	0.073025	0.272884	0.083999	0.840542	1.295600	0.988782	0.148637	1.074320	0.081366	5.493500	1.346855	0.172685	0.814374	0.508551	0.008854	0.112842	0.971962	35.500542	19.722523	0.216447
816	73257	0.004519	0.073025	0.272884	0.083999	0.840542	1.295600	0.988782	0.148637	1.074320	0.081366	5.493500	1.346855	0.172685	0.814374	0.508551	0.008854	0.112842	0.971962	35.500542	19.722523	0.216447
817	73257	0.004519	0.073025	0.272884	0.083999	0.840542	1.295600	0.988782	0.148637	1.074320	0.081366	5.493500	1.346855	0.172685	0.814374	0.508551	0.008854	0.112842	0.971962	35.500542	19.722523	0.216447
818	73257	0.004519	0.073025	0.272884	0.083999	0.840542	1.295600	0.988782	0.148637	1.074320	0.081366	5.493500	1.346855	0.172685	0.814374	0.508551	0.008854	0.112842	0.971962	35.500542	19.722523	0.216447
819	73257	0.004519	0.073025	0.272884	0.083999	0.840542	1.295600	0.988782	0.148637	1.074320	0.081366	5.493500	1.346855	0.172685	0.814374	0.508551	0.008854	0.112842	0.971962	35.500542	19.722523	0.216447
820	73257	0.004519	0.073025	0.272884	0.083999	0.840542	1.295600	0.988782	0.148637	1.074320	0.081366	5.493500	1.346855	0.172685	0.814374	0.508551	0.008854	0.112842	0.971962	35.500542	19.722523	0.216447
821	73257	0.004519	0.073025	0.272884	0.083999	0.840542	1.295600	0.988782	0.148637	1.074320	0.081366	5.493500	1.346855	0.172685	0.814374	0.508551	0.008854	0.112842	0.971962	35.500542	19.722523	0.216447
822	73257	0.004519	0.073025	0.272884	0.083999	0.840542	1.295600	0.988782	0.148637	1.074320	0.081366	5.493500	1.346855	0.172685	0.814374	0.508551	0.008854	0.112842	0.971962	35.500542	19.722523	0.216447
823	73257	0.004519	0.073025	0.272884	0.083999	0.840542	1.295600	0.988782	0.148637	1.074320	0.081366	5.493500	1.346855	0.172685	0.814374	0.508551	0.008854	0.112842	0.971962	35.500542	19.722523	0.216447
824	73257	0.004519	0.073025	0.272884	0.083999	0.840542	1.295600	0.988782	0.148637	1.074320	0.081366	5.493500	1.346855	0.172685	0.814374	0.508551	0.008854	0.112842	0.971962	35.500542	19.722523	0.216447
825	73257	0.004519	0.073025	0.272884	0.083999	0.840542	1.295600	0.988782	0.148637	1.074320	0.081366	5.493500	1.346855	0.172685	0.814374	0.508551	0.008854	0.112842	0.971962	35.500542	19.722523	0.216447
826	73257	0.004519	0.073025	0.272884	0.083999	0.840542	1.295600	0.988782	0.148637	1.074320	0.081366	5.493500	1.346855	0.172685	0.814374	0.508551	0.008854	0.112842	0.971962	35.500542	19.722523	0.216447
827	73257	0.004519	0.073025	0.272884	0.083999	0.840542	1.295600	0.988782	0.148637	1.074320	0.081366	5.493500	1.346855	0.172685	0.814374	0.508551	0.008854	0.112842	0.971962	35.500542	19.722523	0.216447
828	73257	0.004519	0.073025	0.272884	0.083999	0.840542	1.295600	0.988782	0.148637	1.074320	0.081366	5.493500	1.346855	0.172685	0.814374	0.508551	0.008854	0.112842	0.971962	35.500542	19.722523	0.216447
829	73257	0.004519	0.073025	0.272884	0.083999	0.840542	1.295600	0.988782	0.148637	1.074320	0.081366	5.493500	1.346855	0.172685	0.814374	0.508551	0.008854	0.112842	0.971962	35.500542	19.722523	0.216447
830	73257	0.004519	0.073025	0.272884	0.083999	0.840542	1.295600	0.988782	0.148637	1.074320	0.081366	5.493500	1.346855	0.172685	0.814374	0.508551	0.008854	0.112842	0.971962	35.500542	19.722523	0.216447
831	73257	0.004519	0.073025	0.272884	0.083999	0.840542	1.295600	0.988782	0.148637	1.074320	0.081366	5.493500	1.346855	0.172685	0.814374	0.508551	0.008854	0.112842	0.971962	35.500542	19.722523	0.216447
832	73257	0.004519	0.073025	0.272884	0.083999	0.840542	1.295600	0.988782	0.148637	1.074320	0.081366	5.493500	1.346855	0.172685	0.814374	0.508551	0.008854	0.112842	0.971962	35.500542	19.722523	0.216447
833	73257	0.004519	0.073025	0.272884	0.083999	0.840542	1.295600	0.988782	0.148637	1.074320	0.081366	5.493500	1.346855	0.172685	0.814374	0.508551	0.008854	0.112842	0.971962	35.500542	19.722523	0.216447
834	73257	0.004519	0.073025	0.272884	0.083999	0.840542	1.295600	0.988782	0.148637	1.074320	0.081366	5.493500	1.346855	0.172685	0.814374	0.508551	0.008854	0.112842	0.971962	35.500542	19.722523	0.216447
835	73257	0.004519	0.073025	0.272884	0.083999	0.840542	1.295600	0.988782	0.148637	1.074320	0.081366	5.493500	1.346855	0.172685	0.814374	0.508551	0.008854	0.112842	0.971962	35.500542	19.722523	0.216447
836	73257	0.004519	0.073025	0.272884	0.083999	0.840542	1.295600	0.988782	0.148637	1.074320	0.081366	5.493500	1.346855	0.172685	0.814374	0.508551	0.008854	0.112842	0.971962	35.500542	19.722523	0.216447
837	73257	0.004519	0.073025	0.272884	0.083999	0.840542	1.295600	0.988782	0.148637	1.074320	0.081366	5.493500	1.346855	0.172685	0.814374	0.508551	0.008854	0.112842	0.971962	35.500542	19.722523	0.216447
838	73257	0.004519	0.073025	0.272884	0.083999	0.840542	1.295600	0.988782	0.148637	1.074320	0.081366	5.493500	1.346855	0.172685	0.814374	0.508551	0.008854	0.112842	0.971962	35.500542	19.722523	0.216447
839	73257	0.004519	0.073025	0.272884	0.083999	0.840542	1.295600	0.988782	0.148637	1.074320	0.081366	5.493500	1.346855	0.172685	0.814374	0.508551	0.008854	0.112842	0.971962	35.500542	19.722523	0.216447
840	73257	0.004519	0.073025	0.272884	0.083999	0.840542	1.295600	0.988782	0.148637	1.074320	0.081366	5.493500	1.346855	0.172685	0.814374	0.508551	0.008854	0.112842	0.971962	35.500542	19.722523	0.216447
841	73257	0.004519	0.073025	0.272884	0.083999	0.840542	1.295600	0.988782	0.148637	1.074320	0.081366	5.493500	1.346855	0.172685	0.814374	0.508551	0.008854	0.112842	0.971962	35.500542	19.722523	0.216447
842	73257	0.004519	0.073025	0.272884	0.083999	0.840542	1.295600	0.988782	0.148637	1.074320	0.081366	5.493500	1.346855	0.172685	0.814374	0.508551	0.008854	0.112842	0.971962	35.500542	19.722523	0.216447
843	73257	0.004519	0.073025	0.272884	0.083999	0.840542	1.295600	0.988782	0.148637	1.074320	0.081366	5.493500	1.346855	0.172685	0.814374	0.508551	0.008854	0.112842	0.971962	35.500542	19.722523	0.216447
844	73257	0.004519	0.073025	0.272884	0.083999	0.840542	1.295600	0.988782	0.148637	1.074320	0.081366	5.493500	1.346855	0.172685	0.814374	0.508551	0.008854	0.112842	0.971962	35.500542	19.722523	0.216447
845	73257	0.004519	0.073025	0.272884	0.083999	0.840542	1.295600	0.988782	0.148637	1.074320	0.081366	5.493500	1.346855	0.172685	0.814374	0.508551	0.008854	0.112842	0.971962	35.500542	19.722523	0.216447
846	73257	0.004519	0.073025	0.272884	0.083999	0.840542	1.295600	0.988782	0.148637	1.074320	0.081366	5.493500	1.346855	0.172685	0.814374	0.508551	0.008854	0.112842	0.971962	35.500542	19.722523	0.216447
847	73257	0.004519	0.073025	0.272884	0.083999	0.840542	1.295600	0.988782	0.148637	1.074320	0.081366	5.493500	1.346855	0.172685	0.814374	0.508551	0.008854	0.112842	0.971962	35.500542	19.722523	0.216447
848	73257	0.004519	0.073025	0.272884	0.083999	0.840542	1.295600	0.988782	0.148637	1.074320	0.081366	5.493500	1.346855	0.172685	0.814374	0.508551	0.008854	0.112842	0.971962	35.500542	19.722523	0.216447
849	73257	0.004519	0.073025	0.272884	0.083999	0.840542	1.295600	0.988782	0.148637	1.074320	0.081366	5.493500	1.346855	0.172685	0.814374	0.508551	0.008854	0.112842	0.971962	35.500542	19.722523	0.216447
850	73257	0.004519	0.073025	0.272884	0.083999	0.840542	1.295600	0.988782	0.148637	1.074320	0.081366	5.493500	1.346855	0.172685	0.814374	0.508551	0.008854	0.112842	0.971962	35.500542	19.722523	0.216447
851	73257	0.004519	0.073025	0.272884	0.083999	0.840542	1.295600	0.988782	0.148637	1.074320	0.081366	5.493500	1.346855	0.172685	0.814374	0.508551	0.008854	0.112842	0.971962	35.500542	19.722523	0.216447
852	73257	0.004519	0.073025	0.272884	0.083999	0.840542	1.295600	0.988782	0.148637	1.074320	0.081366	5.493500	1.346855	0.172685	0.814374	0.508551	0.008854	0.112842	0.971962	35.500542	19.722523	0.216447
853	73257	0.004519	0.073025	0.272884	0.083999	0.840542	1.295600	0.988782	0.148637	1.074320	0.081366	5.493500	1.346855	0.172685	0.814374	0.508551	0.008854	0.112842	0.971962	35.500542	19.722523	0.216447
854	73257	0.004519	0.073025	0.272884	0.083999	0.840542	1.295600	0.988782	0.148637	1.074320	0.081366	5.493500	1.346855	0.172685	0.814374	0.508551	0.008854	0.112842	0.971962	35.500542	19.722523	0.216447
855	73257	0.004519	0.073025	0.272884	0.083999	0.840542	1.295600	0.988782	0.148637	1.074320	0.081366	5.493500	1.346855	0.172685	0.814374	0.508551	0.008854	0.112842	0.971962	35.500542	19.722523	0.216447
856	73257	0.004519	0.073025	0.272884	0.083999	0.840542	1.295600	0.988782	0.148637	1.074320	0.081366	5.493500	1.346855	0.172685	0.814374	0.508551	0.008854	0.112842	0.971962	35.500542	19.722523	0.216447
857	73257	0.004519	0.073025	0.272884	0.083999	0.840542	1.295600	0.988782	0.148637	1.074320	0.081366	5.493500	1.346855	0.172685	0.814374	0.508551	0.008854	0.112842	0.971962	35.500542	19.722523	0.216447
858	73257	0.004519	0.073025	0.272884	0.083999	0.840542	1.295600	0.988782	0.148637	1.074320	0.081366	5.493500	1.346855	0.172685	0.814374	0.508551	0.008854	0.112842	0.971962	35.500542	19.722523	0.216447
859	73257	0.004519	0.073025	0.272884	0.083999	0.840542	1.295600	0.988782	0.148637	1.074320	0.081366	5.493500	1.346855	0.172685	0.814374	0.508551	0.008854	0.112842	0.971962	35.500542	19.722523	0.216447
860	73257	0.004519	0.073025	0.272884	0.083999	0.840542	1.295600	0.988782	0.148637	1.074320	0.081366	5.493500	1.346855	0.172685	0.814374	0.508551	0.008854	0.112842	0.971962	35.500542	19.722523	0.216447
861	73257	0.004519	0.073025	0.272884	0.083999	0.840542	1.295600	0.988782	0.148637	1.074320	0.081366	5.493500	1.346855	0.172685	0.814374	0.508551	0.008854	0.112842	0.971962	35.500542	19.722523	0.216447
862	73257	0.004519	0.073025	0.272884	0.083999	0.840542	1.295600	0.988782	0.148637	1.074320	0.081366	5.493500	1.346855	0.172685	0.814374	0.508551	0.008854	0.112842	0.971962	35.500542	19.722523	0.216447
863	73257	0.004519	0.073025	0.272884	0.083999	0.840542	1.295600	0.988782	0.148637	1.074320	0.081366	5.493500	1.346855	0.172685	0.814374	0.508551	0.008854	0.112842	0.971962	35.500542	19.722523	0.216447
864	73257	0.004519	0.073025	0.272884	0.083999	0.840542	1.295600	0.988782	0.148637	1.074320	0.081366	5.493500	1.346855	0.172685	0.814374	0.508551	0.008854	0.112842	0.971962	35.500542	19.722523	0.216447
865	73257	0.004519	0.073025	0.272884	0.083999	0.840542	1.295600	0.988782	0.148637	1.074320	0.081366	5.493500	1.346855	0.172685	0.814374	0.508551	0.008854	0.112842	0.971962	35.500542	19.722523	0.216447
866	73257	0.004519	0.073025	0.272884	0.083999	0.840542	1.295600	0.988782	0.148637	1.074320	0.081366	5.493500	1.346855	0.172685	0.814374	0.508551	0.008854	0.112842	0.971962	35.500542	19.722523	0.216447
867	73257	0.004519	0.073025	0.272884	0.083999	0.840542	1.295600	0.988782	0.148637	1.074320	0.081366	5.493500	1.346855	0.172685	0.814374	0.508551	0.008854	0.112842	0.971962	35.500542	19.722523	0.216447
868	73257	0.004519	0.073025	0.272884	0.083999	0.840542	1.295600	0.988782	0.148637	1.074320	0.081366	5.493500	1.346855	0.172685	0.814374	0.508551	0.008854	0.112842	0.971962	35.500542	19.722523	0.216447
869	73257	0.004519	0.073025	0.272884	0.083999	0.840542	1.295600	0.988782	0.148637	1.074320	0.081366	5.493500	1.346855	0.172685	0.814374	0.508551	0.008854	0.112842	0.971962	35.500542	19.722523	0.216447
870	73257	0.004519	0.073025	0.272884	0.083999	0.840542	1.295600	0.988782	0.148637	1.074320	0.081366	5.493500	1.346855	0.172685	0.814374	0.508551	0.008854	0.112842	0.971962	35.500542	19.722523	0.216447
871	73257	0.004519	0.073025	0.272884	0.083999	0.840542	1.295600	0.988782	0.148637	1.074320	0.081366	5.493500	1.346855	0.172685	0.814374	0.508551	0.008854	0.112842	0.971962	35.500542	19.722523	0.216447
872	73257	0.004519	0.073025	0.272884	0.083999	0.840542	1.295600	0.988782	0.148637	1.074320	0.081366	5.493500	1.346855	0.172685	0.814374	0.508551	0.008854	0.112842	0.971962	35.500542	19.722523	0.216447
873	73257	0.004519	0.073025	0.272884	0.083999	0.840542	1.295600	0.988782	0.148637	1.074320	0.081366	5.493500	1.346855	0.172685	0.814374	0.508551	0.008854	0.112842	0.971962	35.500542	19.722523	0.216447
874	73257	0.004519	0.073025	0.272884	0.083999	0.840542	1.295600	0.988782	0.148637	1.074320	0.081366	5.493500	1.346855	0.172685	0.814374	0.508551	0.008854	0.112842	0.971962	35.500542	19.722523	0.216447
875	73257	0.004519	0.073025	0.272884	0.083999	0.840542	1.295600	0.988782	0.148637	1.074320	0.081366	5.493500	1.346855	0.172685	0.814374	0.508551	0.008854	0.112842	0.971962	35.500542	19.722523	0.216447
876	73257	0.004519	0.073025	0.272884	0.083999	0.840542	1.295600	0.988782	0.148637	1.074320	0.081366	5.493500	1.346855	0.172685	0.814374	0.508551	0.008854	0.112842	0.971962	35.500542	19.722523	0.216447
877	73257	0.004519	0.073025	0.272884	0.083999	0.840542	1.295600	0.988782	0.148637	1.074320	0.081366	5.493500	1.346855	0.172685	0.814374	0.508551	0.008854	0.112842	0.971962	35.500542	19.722523	0.216447
878	73257	0.004519	0.073025	0.272884	0.083999	0.840542	1.295600	0.988782	0.148637	1.074320	0.081366	5.493500	1.346855	0.172685	0.814374	0.508551	0.008854	0.112842	0.971962	35.500542	19.722523	0.216447
879	73257	0.004519	0.073025	0.272884	0.083999	0.840542	1.295600	0.988782	0.148637	1.074320	0.081366	5.493500	1.346855	0.172685	0.814374	0.508551	0.008854	0.112842	0.971962	35.500542	19.722523	0.216447
880	73257	0.004519	0.073025	0.272884	0.083999	0.840542	1.295600	0.988782	0.148637	1.074320	0.081366	5.493500	1.346855	0.172685	0.814374	0.508551	0.008854	0.112842	0.971962	35.500542	19.722523	0.216447
881	73257	0.004519	0.073025	0.272884	0.083999	0.840542	1.295600	0.988782	0.148637	1.074320	0.081366	5.493500	1.346855	0.172685	0.814374	0.508551	0.008854	0.112842	0.971962	35.500542	19.722523	0.216447
882	73257	0.004519	0.073025	0.272884	0.083999	0.840542	1.295600	0.988782	0.148637	1.074320	0.081366	5.493500	1.346855	0.172685	0.814374	0.508551	0.008854	0.112842	0.971962	35.500542	19.722523	0.216447
883	73257	0.004519	0.073025	0.272884	0.083999	0.840542	1.295600	0.988782	0.148637	1.074320	0.081366	5.493500	1.346855	0.172685	0.814374	0.508551	0.008854	0.112842	0.971962	35.500542	19.722523	0.216447
884	73257	0.004519	0.073025	0.272884	0.083999	0.840542	1.295600	0.988782	0.148637	1.074320	0.081366	5.493500	1.346855	0.172685	0.814374	0.508551	0.008854	0.112842	0.971962	35.500542	19.722523	0.216447
885	73257	0.004519	0.073025	0.272884	0.083999	0.840542	1.295600	0.988782	0.148637	1.074320	0.081366	5.493500	1.346855	0.172685	0.814374	0.508551	0.008854	0.112842	0.971962	35.500542	19.722523	0.216447
886	73257	0.004519	0.073025	0.272884	0.083999	0.840542	1.295600	0.988782	0.148637	1.074320	0.081366	5.493500	1.346855	0.172685	0.814374	0.508551	0.008854	0.112842	0.971962	35.500542	19.722523	0.216447
887	73257	0.004519	0.073025	0.272884	0.083999	0.840542	1.295600	0.988782	0.148637	1.074320	0.081366	5.493500	1.346855	0.172685	0.814374	0.508551	0.008854	0.112842	0.971962	35.500542	19.722523	0.216447
888	73257	0.004519	0.073025	0.272884	0.083999	0.840542	1.295600	0.988782	0.148637	1.074320	0.081366	5.493500	1.346855	0.172685	0.814374	0.508551	0.008854	0.112842	0.971962	35.500542	19.722523	0.216447
889	73257	0.004519	0.073025	0.272884	0.083999	0.840542	1.295600	0.988782	0.148637	1.074320	0.081366	5.493500	1.346855	0.172685	0.814374	0.508551	0.008854	0.112842	0.971962	35.500542	19.722523	0.216447
890	73257	0.004519	0.073025	0.272884	0.083999	0.840542	1.295600	0.988782	0.148637	1.074320	0.081366	5.493500	1.346855	0.172685	0.814374	0.508551	0.008854	0.112842	0.971962	35.500542	19.722523	0.216447
891	73257	0.004519	0.073025	0.272884	0.083999	0.840542	1.295600	0.988782	0.148637	1.074320	0.081366	5.493500	1.346855	0.172685	0.814374	0.508551	0.008854	0.112842	0.971962	35.500542	19.722523	0.216447
892	73257	0.004519	0.073025	0.272884	0.083999	0.840542	1.295600	0.988782	0.148637	1.074320	0.081366	5.493500	1.346855	0.172685	0.814374	0.508551	0.008854	0.112842	0.971962	35.500542	19.722523	0.216447
893	73257	0.004519	0.073025	0.272884	0.083999	0.840542	1.295600	0.988782	0.148637	1.074320	0.081366	5.493500	1.346855	0.172685	0.814374	0.508551	0.008854	0.112842	0.971962	35.500542	19.722523	0.216447
894	73257	0.004519	0.073025	0.272884	0.083999	0.840542	1.295600	0.988782	0.148637	1.074320	0.081366	5.493500	1.346855	0.172685	0.814374	0.508551	0.008854	0.112842	0.971962	35.500542	19.722523	0.216447
895	73257	0.004519	0.073025	0.272884	0.083999	0.840542	1.295600	0.988782	0.148637	1.074320	0.081366	5.493500	1.346855	0.172685	0.814374	0.508551	0.008854	0.112842	0.971962	35.500542	19.722523	0.216447
896	73257	0.004519	0.073025	0.272884	0.083999	0.840542	1.295600	0.988782	0.148637	1.074320	0.081366	5.493500	1.346855	0.172685	0.814374	0.508551	0.008854	0.112842	0.971962	35.500542	19.722523	0.216447
897	73257	0.004519	0.073025	0.272884	0.083999	0.840542	1.295600	0.988782	0.148637	1.074320	0.081366	5.493500	1.346855	0.172685	0.814374	0.508551	0.008854	0.112842	0.971962	35.500542	19.722523	0.216447
898	73257	0.004519	0.073025	0.272884	0.083999	0.840542	1.295600	0.988782	0.148637	1.074320	0.081366	5.493500	1.346855	0.172685	0.814374	0.508551	0.008854	0.112842	0.971962	35.500542	19.722523	0.216447
899	73257	0.004519	0.073025	0.272884	0.083999	0.840542	1.295600	0.988782	0.148637	1.074320	0.081366	5.493500	1.346855	0.172685	0.814374	0.508551	0.008854	0.112842	0.971962	35.500542	19.722523	0.216447
900	73257	0.004519	0.073025	0.272884	0.083999	0.840542	1.295600	0.988782	0.148637	1.074320	0.081366	5.493500	1.346855	0.172685	0.814374	0.508551	0.008854	0.112842	0.971962	35.500542	19.722523	0.216447
901	73257	0.004519	0.073025	0.272884	0.083999	0.840542	1.295600	0.988782	0.148637	1.074320	0.081366	5.493500	1.346855	0.172685	0.814374	0.508551	0.008854	0.112842	0.971962	35.500542	19.722523	0.216447
902	73257	0.004519	0.073025	0.272884	0.083999	0.840542	1.295600	0.988782	0.148637	1.074320	0.081366	5.493500	1.346855	0.172685	0.814374	0.508551	0.008854	0.112842	0.971962	35.500542	19.722523	0.216447
903	73257	0.004519	0.073025	0.272884	0.083999	0.840542	1.295600	0.988782	0.148637	1.074320	0.081366	5.493500	1.346855	0.172685	0.814374	0.508551	0.008854	0.112842	0.971962	35.500542	19.722523	0.216447
904	73257	0.004519	0.073025	0.272884	0.083999	0.840542	1.295600	0.988782	0.148637	1.074320	0.081366	5.493500	1.346855	0.172685	0.814374	0.508551	0.008854	0.112842	0.971962	35.500542	19.722523	0.216447
905	73257	0.004519	0.073025	0.272884	0.083999	0.840542	1.295600	0.988782	0.148637	1.074320	0.081366	5.493500	1.346855	0.172685	0.814374	0.508551	0.008854	0.112842	0.971962	35.500542	19.722523	0.216447
906	73257	0.004519	0.073025	0.272884	0.083999	0.840542	1.295600	0.988782	0.148637	1.074320	0.081366	5.493500	1.346855	0.172685	0.814374	0.508551	0.008854	0.112842	0.971962	35.500542	19.722523	0.216447
907	73257	0.004519	0.073025	0.272884	0.083999	0.840542	1.295600	0.988782	0.148637	1.074320	0.081366	5.493500	1.346855	0.172685	0.814374	0.508551	0.008854	0.112842	0.971962	35.500542	19.722523	0.216447
908	73257	0.004519	0.073025	0.272884	0.083999	0.840542	1.295600	0.988782	0.148637	1.074320	0.081366	5.493500	1.346855	0.172685	0.814374	0.508551	0.008854	0.112842	0.971962	35.500542	19.722523	0.216447
909	73257	0.004519	0.073025	0.272884	0.083999	0.840542	1.295600	0.988782	0.148637	1.074320	0.081366	5.493500	1.346855	0.172685	0.814374	0.508551	0.008854	0.112842	0.971962	35.500542	19.722523	0.216447
910	73257	0.004519	0.073025	0.272884	0.083999	0.840542	1.295600	0.988782	0.148637	1.074320	0.081366	5.493500	1.346855	0.172685	0.814374	0.508551	0.008854	0.112842	0.971962	35.500542	19.722523	0.216447
911	73257	0.004519	0.073025	0.272884	0.083999	0.840542	1.295600	0.988782	0.148637	1.074320	0.081366	5.493500	1.346855	0.172685	0.814374	0.508551	0.008854	0.112842	0.971962	35.500542	19.722523	0.216447
912	73257	0.004519	0.073025	0.272884	0.083999	0.840542	1.295600	0.988782	0.148637	1.074320	0.081366	5.493500	1.346855	0.172685	0.814374	0.508551	0.008854	0.112842	0.971962	35.500542	19.722523	0.216447
913	73257	0.004519	0.073025	0.272884	0.083999	0.840542	1.295600	0.988782	0.148637	1.074320	0.081366	5.493500	1.346855	0.172685	0.814374	0.508551	0.008854	0.112842	0.971962	35.500542	19.722523	0.216447
914	73257	0.004519	0.073025	0.272884	0.083999	0.840542	1.295600	0.988782	0.148637	1.074320	0.081366	5.493500	1.346855	0.172685	0.814374	0.508551	0.008854	0.112842	0.971962	35.500542	19.722523	0.216447
915	73257	0.004519	0.073025	0.272884	0.083999	0.840542	1.295600	0.988782	0.148637	1.074320	0.081366	5.493500	1.346855	0.172685	0.814374	0.508551	0.008854	0.112842	0.971962	35.500542	19.722523	0.216447
916	73257	0.004519	0.073025	0.272884	0.083999	0.840542	1.295600	0.988782	0.148637	1.074320	0.081366	5.493500	1.346855	0.172685	0.814374	0.508551	0.008854	0.112842	0.971962	35.500542	19.722523	0.216447
917	73257	0.004519	0.073025	0.272884	0.083999	0.840542	1.295600	0.988782	0.148637	1.074320	0.081366	5.493500	1.346855	0.172685	0.814374	0.508551	0.008854	0.112842	0.971962	35.500542	19.722523	0.216447
918	73257	0.004519	0.073025	0.272884	0.083999	0.840542	1.295600	0.988782	0.148637	1.074320	0.081366	5.493500	1.346855	0.172685	0.814374	0.508551	0.008854	0.112842	0.971962	35.500542	19.722523	0.216447
919	73257	0.004519	0.073025	0.272884	0.083999	0.840542	1.295600	0.988782	0.148637	1.074320	0.081366	5.493500	1.346855	0.172685	0.814374	0.508551	0.008854	0.112842	0.971962	35.500542	19.722523	0.216447
920	73257	0.004519	0.073025	0.272884	0.083999	0.840542	1.295600	0.988782	0.148637	1.074320	0.081366	5.493500	1.346855	0.172685	0.814374	0.508551	0.008854	0.112842	0.971962	35.500542	19.722523	0.216447
921	73257	0.004519	0.073025	0.272884	0.083999	0.840542	1.295600	0.988782	0.148637	1.074320	0.081366	5.493500	1.346855	0.172685	0.814374	0.508551	0.008854	0.112842	0.971962	35.500542	19.722523	0.216447
922	73257	0.004519	0.073025	0.272884	0.083999	0.840542	1.295600	0.988782	0.148637	1.074320	0.081366	5.493500	1.346855	0.172685	0.814374	0.508551	0.008854	0.112842	0.971962	35.500542	19.722523	0.216447
923	73257	0.004519	0.073025	0.272884	0.083999	0.840542	1.295600	0.988782	0.148637	1.074320	0.081366	5.493500	1.346855	0.172685	0.814374	0.508551	0.008854	0.112842	0.971962	35.500542	19.722523	0.216447
924	73257	0.004519	0.073025	0.272884	0.083999	0.840542	1.295600	0.988782	0.148637	1.074320	0.081366	5.493500	1.346855	0.172685	0.814374	0.508551	0.008854	0.112842	0.971962	35.500542	19.722523	0.216447
925	73257	0.004519	0.073025	0.272884	0.083999	0.840542	1.295600	0.988782	0.148637	1.074320	0.081366	5.493500	1.346855	0.172685	0.814374	0.508551	0.008854	0.112842	0.971962	35.500542	19.722523	0.216447
926	73257	0.004519	0.073025	0.272884	0.083999	0.840542	1.295600	0.988782	0.148637	1.074320	0.081366	5.493500	1.346855	0.172685	0.814374	0.508551	0.008854	0.112842	0.971962	35.500542	19.722523	0.216447
927	73257	0.004519	0.073025	0.272884	0.083999	0.840542	1.295600	0.988782	0.148637	1.074320	0.081366	5.493500	1.346855	0.172685	0.814374	0.508551	0.008854	0.112842	0.971962	35.500542	19.722523	0.216447
928	73257	0.004519	0.073025	0.272884	0.083999	0.840542	1.295600	0.988782	0.148637	1.074320	0.081366	5.493500	1.346855	0.172685	0.814374	0.508551	0.008854	0.112842	0.971962	35.500542	19.722523	0.216447
929	73257	0.004519	0.073025	0.272884	0.083999	0.840542	1.295600	0.988782	0.148637	1.074320	0.081366	5.493500	1.346855	0.172685	0.814374	0.508551	0.008854	0.112842	0.971962	35.500542	19.722523	0.216447
930	73257	0.004519	0.073025	0.272884	0.083999	0.840542	1.295600	0.988782	0.148637	1.074320	0.081366	5.493500	1.346855	0.172685	0.814374	0.508551	0.008854	0.112842	0.971962	35.500542	19.722523	0.216447
931	73257	0.004519	0.073025	0.272884	0.083999	0.840542	1.295600	0.988782	0.148637	1.074320	0.081366	5.493500	1.346855	0.172685	0.814374	0.508551	0.008854	0.112842	0.971962	35.500542	19.722523	0.216447
932	73257	0.004519	0.073025	0.272884	0.083999	0.840542	1.295600	0.988782	0.148637	1.074320	0.081366	5.493500	1.346855	0.172685	0.814374	0.508551	0.008854	0.112842	0.971962	35.500542	19.722523	0.216447
933	73257	0.004519	0.073025	0.272884	0.083999	0.840542	1.295600	0.988782	0.148637	1.074320	0.081366	5.493500	1.346855	0.172685	0.814374	0.508551	0.008854	0.112842	0.971962	35.500542	19.722523	0.216447
934	73257	0.004519	0.073025	0.272884	0.083999	0.840542	1.295600	0.988782	0.148637	1.074320	0.081366	5.493500	1.346855	0.172685	0.814374	0.508551	0.008854	0.112842	0.971962	35.500542	19.722523	0.216447
935	73257	0.004519	0.073025	0.272884	0.083999	0.840542	1.295600	0.988782	0.148637	1.074320	0.081366	5.493500	1.346855	0.172685	0.814374	0.508551	0.008854	0.112842	0.971962	35.500542	19.722523	0.216447
936	73257	0.004519	0.073025	0.272884	0.083999	0.840542	1.295600	0.988782	0.148637	1.074320	0.081366	5.493500	1.346855	0.172685	0.814374	0.508551	0.008854	0.112842	0.971962	35.500542	19.722523	0.216447
937	73257	0.004519	0.073025	0.272884	0.083999	0.840542	1.295600	0.988782	0.148637	1.074320	0.081366	5.493500	1.346855	0.172685	0.814374	0.508551	0.008854	0.112842	0.971962	35.500542	19.722523	0.216447
938	73257	0.004519	0.073025	0.272884	0.083999	0.840542	1.295600	0.988782	0.148637	1.074320	0.081366	5.493500	1.346855	0.172685	0.814374	0.508551	0.008854	0.112842	0.971962	35.500542	19.722523	0.216447
939	73257	0.004519	0.073025	0.272884	0.083999	0.840542	1.295600	0.988782	0.148637	1.074320	0.081366	5.493500	1.346855	0.172685	0.814374	0.508551	0.008854	0.112842	0.971962	35.500542	19.722523	0.216447
940	73257	0.004519	0.073025	0.272884	0.083999	0.840542	1.295600	0.988782	0.148637	1.074320	0.081366	5.493500	1.346855	0.172685	0.814374	0.508551	0.008854	0.112842	0.971962	35.500542	19.722523	0.216447
941	73257	0.004519	0.073025	0.272884	0.083999	0.840542	1.295600	0.988782	0.148637	1.074320	0.081366	5.493500	1.346855	0.172685	0.814374	0.508551	0.008854	0.112842	0.971962	35.500542	19.722523	0.216447
942	73257	0.004519	0.073025	0.272884	0.083999	0.840542	1.295600	0.988782	0.148637	1.074320	0.081366	5.493500	1.346855	0.172685	0.814374	0.508551	0.008854	0.112842	0.971962	35.500542	19.722523	0.216447
943	73257	0.004519	0.073025	0.272884	0.083999	0.840542	1.295600	0.988782	0.148637	1.074320	0.081366	5.493500	1.346855	0.172685	0.814374	0.508551	0.008854	0.112842	0.971962	35.500542	19.722523	0.216447
944	73257	0.004519	0.073025	0.272884	0.083999	0.840542	1.295600	0.988782	0.148637	1.074320	0.081366	5.493500	1.346855	0.172685	0.814374	0.508551	0.008854	0.112842	0.971962	35.500542	19.722523	0.216447
945	73257	0.004519	0.073025	0.272884	0.083999	0.840542	1.295600	0.988782	0.148637	1.074320	0.081366	5.493500	1.346855	0.172685	0.814374	0.508551	0.008854	0.112842	0.971962	35.500542	19.722523	0.216447
946	73257	0.004519	0.073025	0.272884	0.083999	0.840542	1.295600	0.988782	0.148637	1.074320	0.081366	5.493500	1.346855	0.172685	0.814374	0.508551	0.008854	0.112842	0.971962	35.500542	19.722523	0.216447
947	73257	0.004519	0.073025	0.272884	0.083999	0.840542	1.295600	0.988782	0.148637	1.074320	0.081366	5.493500	1.346855	0.172685	0.814374	0.508551	0.008854	0.112842	0.971962	35.500542	19.722523	0.216447
948	73257	0.004519	0.073025	0.272884	0.083999	0.840542	1.295600	0.988782	0.148637	1.074320	0.081366	5.493500	1.346855	0.172685	0.814374	0.508551	0.008854	0.112842	0.971962	35.500542	19.722523	0.216447
949	73257	0.004519	0.073025	0.272884	0.083999	0.840542	1.295600	0.988782	0.148637	1.074320	0.081366	5.493500	1.346855	0.172685	0.814374	0.508551	0.008854	0.112842	0.971962	35.500542	19.722523	0.216447
950	73257	0.004519	0.073025	0.272884	0.083999	0.840542	1.295600	0.988782	0.148637	1.074320	0.081366	5.493500	1.346855	0.172685	0.814374	0.508551	0.008854	0.112842	0.971962	35.500542	19.722523	0.216447
951	73257	0.004519	0.073025	0.272884	0.083999	0.840542	1.295600	0.988782	0.148637	1.074320	0.081366	5.493500	1.346855	0.172685	0.814374	0.508551	0.008854	0.112842	0.971962	35.500542	19.722523	0.216447
952	73257	0.004519	0.073025	0.272884	0.083999	0.840542	1.295600	0.988782	0.148637	1.074320	0.081366	5.493500	1.346855	0.172685	0.814374	0.508551	0.008854	0.112842	0.971962	35.500542	19.722523	0.216447
953	73257	0.004519	0.073025	0.272884	0.083999	0.840542	1.295600	0.988782	0.148637	1.074320	0.081366	5.493500	1.346855	0.172685	0.814374	0.508551	0.008854	0.112842	0.971962	35.500542	19.722523	0.216447
954	73257	0.004519	0.073025	0.272884	0.083999	0.840542	1.295600	0.988782	0.148637	1.074320	0.081366	5.493500	1.346855	0.172685	0.814374	0.508551	0.008854	0.112842	0.971962	35.500542	19.722523	0.216447
955	73257	0.004519	0.073025	0.272884	0.083999	0.840542	1.295600	0.988782	0.148637	1.074320	0.081366	5.493500	1.346855	0.172685	0.814374	0.508551	0.008854	0.112842	0.971962	35.500542	19.722523	0.216447
956	73257	0.004519	0.073025	0.272884	0.083999	0.840542	1.295600	0.988782	0.148637	1.074320	0.081366	5.493500	1.346855	0.172685	0.814374	0.508551	0.008854	0.112842	0.971962	35.500542	19.722523	0.216447
957	73257	0.004519	0.073025	0.272884	0.083999	0.840542	1.295600	0.988782	0.148637	1.074320	0.081366	5.493500	1.346855	0.172685	0.814374	0.508551	0.008854	0.112842	0.971962	35.500542	19.722523	0.216447
958	73257	0.004519	0.073025	0.272884	0.083999	0.840542	1.295600	0.988782	0.148637	1.074320	0.081366	5.493500	1.346855	0.172685	0.814374	0.508551	0.008854	0.112842	0.971962	35.500542	19.722523	0.216447
959	73257	0.004519	0.073025	0.272884	0.083999	0.840542	1.295600	0.988782	0.148637	1.074320	0.081366	5.493500	1.346855	0.172685	0.814374	0.508551	0.008854	0.112842	0.971962	35.500542	19.722523	0.216447
960	73257	0.004519	0.073025	0.272884	0.083999	0.840542	1.295600	0.988782	0.148637	1.074320	0.081366	5.493500	1.346855	0.172685	0.814374	0.508551	0.008854	0.112842	0.971962	35.500542	19.722523	0.216447
961	73257	0.004519	0.073025	0.272884	0.083999	0.840542	1.295600	0.988782	0.148637	1.074320	0.081366	5.493500	1.346855	0.172685	0.814374	0.508551	0.008854	0.112842	0.971962	35.500542	19.722523	0.216447
962	73257	0.004519	0.073025	0.272884	0.083999	0.840542	1.295600	0.988782	0.148637	1.074320	0.081366	5.493500	1.346855	0.172685	0.814374	0.508551	0.008854	0.112842	0.971962	35.500542	19.722523	0.216447
963	73257	0.004519	0.073025	0.272884	0.083999	0.840542	1.295600	0.988782	0.148637	1.074320	0.081366	5.493500	1.346855	0.172685	0.814374	0.508551	0.008854	0.112842	0.971962	35.500542	19.722523	0.216447
964	73257	0.004519	0.073025	0.272884	0.083999	0.840542	1.295600	0.988782	0.148637	1.074320	0.081366	5.493500	1.346855	0.172685	0.814374	0.508551	0.008854	0.112842	0.971962	35.500542	19.722523	0.216447
965	73257	0.004519	0.073025	0.272884	0.083999	0.840542	1.295600	0.988782	0.148637	1.074320	0.081366	5.493500	1.346855	0.172685	0.814374	0.508551	0.008854	0.112842	0.971962	35.500542	19.722523	0.216447
966	73257	0.004519	0.073025	0.272884	0.083999	0.840542	1.295600	0.988782	0.148637	1.074320	0.081366	5.493500	1.346855	0.172685	0.814374	0.508551	0.008854	0.112842	0.971962	35.500542	19.722523	0.216447
967	73257	0.004519	0.073025	0.272884	0.083999	0.840542	1.295600	0.988782	0.148637	1.074320	0.081366	5.493500	1.346855	0.172685	0.814374	0.508551	0.008854	0.112842	0.971962	35.500542	19.722523	0.216447
968	73257	0.004519	0.073025	0.272884	0.083999	0.840542	1.295600	0.988782	0.148637	1.074320	0.081366	5.493500	1.346855	0.172685	0.814374	0.508551	0.008854	0.112842	0.971962	35.500542	19.722523	0.216447
969	73257	0.004519	0.073025	0.272884	0.083999	0.840542	1.295600	0.988782	0.148637	1.074320	0.081366	5.493500	1.346855	0.172685	0.814374	0.508551	0.008854	0.112842	0.971962	35.500542	19.722523	0.216447
970	73257	0.004519	0.073025	0.272884	0.083999	0.840542	1.295600	0.988782	0.148637	1.074320	0.081366	5.493500	1.346855	0.172685	0.814374	0.508551	0.008854	0.112842	0.971962	35.500542	19.722523	0.216447
971	73257	0.004519	0.073025	0.272884	0.083999	0.840542	1.295600	0.988782	0.148637	1.074320	0.081366	5.493500	1.346855	0.172685	0.814374	0.508551	0.008854	0.112842	0.971962	35.500542	19.722523	0.216447
972	73257	0.004519	0.073025	0.272884	0.083999	0.840542	1.295600	0.988782	0.148637	1.074320	0.081366	5.493500	1.346855	0.172685	0.814374	0.508551	0.008854	0.112842	0.971962	35.500542	19.722523	0.216447
973	73257	0.004519	0.073025	0.272884	0.083999	0.840542	1.295600	0.988782	0.148637	1.074320	0.081366	5.493500	1.346855	0.172685	0.814374	0.508551	0.008854	0.112842	0.971962	35.500542	19.722523	0.216447
974	73257	0.004519	0.073025	0.272884	0.083999	0.840542	1.295600	0.988782	0.148637	1.074320	0.081366	5.493500	1.346855	0.172685	0.814374	0.508551	0.008854	0.112842	0.971962	35.500542	19.722523	0.216447
975	73257	0.004519	0.073025	0.272884	0.083999	0.840542	1.295600	0.988782	0.148637	1.074320	0.081366	5.493500	1.346855	0.172685	0.814374	0.508551	0.008854	0.112842	0.971962	35.500542	19.722523	0.216447
976	73257	0.004519	0.073025	0.272884	0.083999	0.840542	1.295600	0.988782	0.148637	1.074320	0.081366	5.493500	1.346855	0.172685	0.814374	0.508551	0.008854	0.112842	0.971962	35.500542	19.722523	0.216447
977	73257	0.004519	0.073025	0.272884	0.083999	0.840542	1.295600	0.988782	0.148637	1.074320	0.081366	5.493500	1.346855	0.172685	0.814374	0.508551	0.008854	0.112842	0.971962	35.500542	19.722523	0.216447
978	73257	0.004519	0.073025	0.272884	0.083999	0.840542	1.295600	0.988782	0.148637	1.074320	0.081366	5.493500	1.346855	0.172685	0.814374	0.508551	0.008854	0.112842	0.971962	35.500542	19.722523	0.216447
979	73257	0.004519	0.073025	0.272884	0.083999	0.840542	1.295600	0.988782	0.148637	1.074320	0.081366	5.493500	1.346855	0.172685	0.814374	0.508551	0.008854	0.112842	0.971962	35.500542	19.722523	0.216447
980	73257	0.004519	0.073025	0.272884	0.083999	0.840542	1.295600	0.988782	0.148637	1.074320	0.081366	5.493500	1.346855	0.172685	0.814374	0.508551	0.008854	0.112842	0.971962	35.500542	19.722523	0.216447
981	73257	0.004519	0.073025	0.272884	0.083999	0.840542	1.295600	0.988782	0.148637	1.074320	0.081366	5.493500	1.346855	0.172685	0.814374	0.508551	0.008854	0.112842	0.971962	35.500542	19.722523	0.216447
982	73257	0.004519	0.073025	0.272884	0.083999	0.840542	1.295600	0.988782	0.148637	1.074320	0.081366	5.493500	1.346855	0.172685	0.814374	0.508551	0.008854	0.112842	0.971962	35.500542	19.722523	0.216447
983	73257	0.004519	0.073025	0.272884	0.083999	0.840542	1.295600	0.988782	0.148637	1.074320	0.081366	5.493500	1.346855	0.172685	0.814374	0.508551	0.008854	0.112842	0.971962	35.500542	19.722523	0.216447
984	73257	0.004519	0.073025	0.272884	0.083999	0.840542	1.295600	0.988782	0.148637	1.074320	0.081366	5.493500	1.346855	0.172685	0.814374	0.508551	0.008854	0.112842	0.971962	35.500542	19.722523	0.216447
985	73257	0.004519	0.073025	0.272884	0.083999	0.840542	1.295600	0.988782	0.148637	1.074320	0.081366	5.493500	1.346855	0.172685	0.814374	0.508551	0.008854	0.112842	0.971962	35.500542	19.722523	0.216447
986	73257	0.004519	0.073025	0.272884	0.083999	0.840542	1.295600	0.988782	0.148637	1.074320	0.081366	5.493500	1.346855	0.172685	0.814374	0.508551	0.008854	0.112842	0.971962	35.500542	19.722523	0.216447
987	73257	0.004519	0.073025	0.272884	0.083999	0.840542	1.295600	0.988782	0.148637	1.074320	0.081366	5.493500	1.346855	0.172685	0.814374	0.508551	0.008854	0.112842	0.971962	35.500542	19.722523	0.216447
988	73257	0.004519	0.073025	0.272884	0.083999	0.840542	1.295600	0.988782	0.148637	1.074320	0.081366	5.493500	1.346855	0.172685	0.814374	0.508551	0.008854	0.112842	0.971962	35.500542	19.722523	0.216447
989	73257	0.004519	0.073025	0.272884	0.083999	0.840542	1.295600	0.988782	0.148637	1.074320	0.081366	5.493500	1.346855	0.172685	0.814374	0.508551	0.008854	0.112842	0.971962	35.500542	19.722523	0.216447
990	73257	0.004519	0.073025	0.272884	0.083999	0.840542	1.295600	0.988782	0.148637	1.074320	0.081366	5.493500	1.346855	0.172685	0.814374	0.508551	0.008854	0.112842	0.971962	35.500542	19.722523	0.216447
991	73257	0.004519	0.073025	0.272884	0.083999	0.840542	1.295600	0.988782	0.148637	1.074320	0.081366	5.493500	1.346855	0.172685	0.814374	0.508551	0.008854	0.112842	0.971962	35.500542	19.722523	0.216447
992	73257	0.004519	0.073025	0.272884	0.083999	0.840542	1.295600	0.988782	0.148637	1.074320	0.081366	5.493500	1.346855	0.172685	0.814374	0.508551	0.008854	0.112842	0.971962	35.500542	19.722523	0.216447
993	73257	0.004519	0.073025	0.272884	0.083999	0.840542	1.295600	0.988782	0.148637	1.074320	0.081366	5.493500	1.346855	0.172685	0.814374	0.508551	0.008854	0.112842	0.971962	35.500542	19.722523	0.216447
994	73257	0.004519	0.073025	0.272884	0.083999	0.840542	1.295600	0.988782	0.148637	1.074320	0.081366	5.493500	1.346855	0.172685	0.814374	0.508551	0.008854	0.112842	0.971962	35.500542	19.722523	0.216447
995	73257	0.004519	0.073025	0.272884	0.083999	0.840542	1.295600	0.988782	0.148637	1.074320	0.081366	5.493500	1.346855	0.172685	0.814374	0.508551	0.008854	0.112842	0.971962	35.500542	19.722523	0.216447
996	73257	0.004519	0.073025	0.272884	0.083999	0.840542	1.295600	0.988782	0.148637	1.074320	0.081366	5.493500	1.346855	0.172685	0.814374	0.508551	0.008854	0.112842	0.971962	35.500542	19.722523	0.216447
997	73257	0.004519	0.073025	0.272884	0.083999	0.840542	1.295600	0.988782	0.148637	1.074320	0.081366	5.493500	1.346855	0.172685	0.814374	0.508551	0.008854	0.112842	0.971962	35.500542	19.722523	0.216447
998	73257	0.004519	0.073025	0.272884	0.083999	0.840542	1.295600	0.988782	0.148637	1.074320	0.081366	5.493500	1.346855	0.172685	0.814374	0.508551	0.008854	0.112842	0.971962	35.500542	19.722523	0.216447
999	73257	0.004519	0.073025	0.272884	0.083999	0.840542	1.295600	0.988782	0.148637	1.074320	0.081366	5.493500	1.346855	0.172685	0.814374	0.508551	0.008854	0.112842	0.971962	35.500542	19.722523	0.216447
